Age,Attrition,BusinessTravel,DailyRate,Department,DistanceFromHome,Education,EducationField,EmployeeCount,EmployeeNumber,EnvironmentSatisfaction,Gender,HourlyRate,JobInvolvement,JobLevel,JobRole,JobSatisfaction,MaritalStatus,MonthlyIncome,MonthlyRate,NumCompaniesWorked,Over18,OverTime,PercentSalaryHike,PerformanceRating,RelationshipSatisfaction,StandardHours,StockOptionLevel,TotalWorkingYears,TrainingTimesLastYear,WorkLifeBalance,YearsAtCompany,YearsInCurrentRole,YearsSinceLastPromotion,YearsWithCurrManager
58,Yes,Travel_Frequently,1249,Research & Development,14,3,Medical,1,1,4,Male,55,2,1,Laboratory Technician,3,Single,2869,23295,0,Y,No,22,4,1,80,0,36,5,2,3,3,3,3
27,No,Travel_Frequently,1230,Sales,9,1,Life Sciences,1,2,1,Male,67,2,3,Sales Executive,1,Married,4582,22599,0,Y,Yes,24,4,2,80,2,10,0,3,10,9,1,7
42,Yes,Travel_Frequently,877,Sales,30,3,Medical,1,3,1,Female,64,3,2,Sales Representative,2,Married,17147,22971,1,Y,No,22,3,1,80,2,24,3,3,6,6,3,3
54,No,Non-Travel,841,Human Resources,8,4,Technical Degree,1,4,1,Female,58,1,2,Manager,1,Single,15087,6532,8,Y,No,21,4,2,80,2,36,6,2,9,9,6,9
42,No,Travel_Frequently,1029,Sales,29,4,Human Resources,1,5,3,Female,30,1,1,Sales Manager,2,Divorced,7182,10630,8,Y,Yes,21,3,2,80,0,22,6,3,11,2,2,7
51,No,Non-Travel,357,Research & Development,2,3,Technical Degree,1,6,4,Male,46,3,3,Research Scientist,2,Divorced,19455,23618,3,Y,No,20,3,2,80,2,33,3,3,3,2,2,2
51,Yes,Travel_Frequently,245,Research & Development,8,2,Medical,1,7,2,Female,95,2,1,Research Director,4,Single,12827,9798,0,Y,No,13,4,2,80,1,29,6,4,2,2,1,1
24,No,Non-Travel,387,Sales,13,4,Technical Degree,1,8,1,Female,84,2,1,Sales Manager,4,Married,16700,8012,5,Y,Yes,13,4,1,80,0,2,5,1,2,2,2,2
33,Yes,Travel_Rarely,417,Research & Development,1,4,Technical Degree,1,9,3,Male,54,1,1,Manufacturing Director,1,Married,17947,11722,6,Y,Yes,11,3,1,80,1,13,4,4,13,5,5,9
50,Yes,Travel_Frequently,747,Research & Development,8,1,Human Resources,1,10,4,Male,63,3,4,Laboratory Technician,2,Single,19130,8693,9,Y,Yes,15,3,3,80,0,32,2,4,2,2,1,2
57,Yes,Non-Travel,1352,Human Resources,29,5,Medical,1,11,2,Male,97,1,2,Manager,3,Single,11912,2256,3,Y,Yes,22,4,1,80,2,37,5,1,10,3,3,9
56,No,Travel_Rarely,367,Human Resources,29,3,Medical,1,12,1,Male,63,1,5,Manager,1,Divorced,12929,7294,0,Y,No,19,4,2,80,3,34,6,1,14,5,0,1
27,No,Travel_Frequently,462,Sales,8,1,Marketing,1,13,2,Female,82,4,3,Sales Executive,3,Single,7324,2812,1,Y,Yes,10,4,2,80,1,7,3,1,7,7,2,4
32,Yes,Travel_Rarely,156,Research & Development,11,3,Marketing,1,14,1,Male,44,1,1,Laboratory Technician,4,Married,12851,10559,4,Y,Yes,10,4,3,80,1,10,3,3,9,6,6,9
54,No,Travel_Rarely,1138,Sales,14,1,Other,1,15,3,Male,69,4,5,Sales Executive,2,Married,11840,23852,1,Y,No,18,4,2,80,1,37,5,4,11,10,5,2
29,Yes,Travel_Frequently,447,Sales,20,5,Life Sciences,1,16,2,Female,40,1,2,Sales Representative,3,Married,17505,11299,5,Y,Yes,21,4,2,80,3,10,1,2,10,8,3,9
48,No,Travel_Rarely,1160,Human Resources,8,4,Other,1,17,4,Male,89,1,4,Human Resources,2,Married,7763,3645,2,Y,No,22,3,4,80,3,31,6,3,1,1,1,1
50,No,Non-Travel,685,Human Resources,27,4,Medical,1,18,2,Female,60,1,4,Manager,2,Divorced,4538,10903,4,Y,Yes,15,4,2,80,2,32,5,4,16,4,4,8
22,Yes,Travel_Rarely,820,Sales,13,3,Human Resources,1,19,2,Female,68,4,1,Sales Representative,3,Married,2193,14779,9,Y,No,18,3,4,80,1,5,0,4,1,1,1,1
43,No,Non-Travel,770,Human Resources,21,2,Human Resources,1,20,3,Male,57,4,4,Human Resources,4,Married,14422,16899,6,Y,Yes,15,4,3,80,0,22,3,1,15,3,0,5
21,Yes,Non-Travel,1052,Research & Development,20,1,Other,1,21,3,Female,62,2,2,Research Scientist,1,Single,9142,14087,2,Y,No,10,3,1,80,1,1,4,3,1,1,1,1
30,No,Travel_Frequently,1426,Human Resources,26,2,Life Sciences,1,22,4,Male,73,1,5,Manager,3,Divorced,18579,2414,0,Y,Yes,18,4,4,80,0,10,3,2,10,7,5,2
59,No,Travel_Rarely,788,Sales,28,5,Technical Degree,1,23,2,Female,33,4,5,Sales Representative,3,Divorced,14418,18197,3,Y,No,15,3,3,80,2,37,2,3,9,8,3,8
51,No,Travel_Frequently,598,Sales,16,2,Other,1,24,3,Male,69,4,5,Sales Representative,4,Single,15251,23756,7,Y,No,23,4,3,80,1,32,5,3,1,1,1,1
34,No,Non-Travel,706,Research & Development,24,2,Marketing,1,25,2,Male,59,1,2,Healthcare Representative,3,Single,8360,13825,7,Y,No,10,4,1,80,1,14,4,1,14,9,4,2
26,Yes,Travel_Rarely,251,Sales,6,1,Human Resources,1,26,2,Female,36,1,4,Sales Representative,1,Single,18113,6971,0,Y,No,9,4,4,80,3,6,6,2,6,2,1,6
46,Yes,Non-Travel,420,Human Resources,21,4,Marketing,1,27,1,Female,30,3,5,Human Resources,2,Divorced,4459,15386,3,Y,No,19,4,3,80,0,26,5,3,3,3,3,3
32,No,Travel_Frequently,999,Research & Development,5,5,Other,1,28,4,Female,45,3,1,Manufacturing Director,4,Divorced,11457,17358,4,Y,No,14,4,1,80,1,11,3,1,3,1,1,3
19,No,Non-Travel,1400,Research & Development,16,5,Human Resources,1,29,3,Male,92,4,5,Research Director,3,Single,16283,4989,8,Y,No,20,4,1,80,0,2,2,2,2,2,2,2
36,No,Non-Travel,484,Research & Development,25,1,Technical Degree,1,30,1,Female,96,4,3,Research Director,2,Divorced,3776,13854,6,Y,No,24,4,3,80,2,18,2,2,1,1,1,1
49,No,Travel_Frequently,697,Human Resources,14,5,Medical,1,31,2,Male,95,4,3,Human Resources,4,Single,18330,10959,1,Y,Yes,18,4,2,80,0,28,1,4,4,4,1,3
35,No,Non-Travel,486,Research & Development,15,5,Marketing,1,32,1,Female,60,4,3,Research Director,3,Married,12544,20736,8,Y,Yes,17,3,4,80,3,16,3,4,12,6,6,8
20,No,Non-Travel,1376,Research & Development,24,5,Marketing,1,33,3,Male,80,4,1,Manufacturing Director,4,Divorced,13093,23293,2,Y,No,7,4,1,80,3,1,1,1,1,1,1,1
23,Yes,Travel_Rarely,1187,Research & Development,26,1,Technical Degree,1,34,1,Female,82,2,1,Research Director,4,Single,10001,20544,0,Y,Yes,10,3,2,80,0,3,4,4,3,3,3,3
58,No,Non-Travel,507,Research & Development,15,3,Other,1,35,3,Female,79,4,3,Manufacturing Director,3,Married,11899,17833,5,Y,No,8,3,3,80,1,40,6,1,10,7,4,8
54,No,Travel_Frequently,168,Research & Development,7,4,Marketing,1,36,4,Male,76,3,3,Healthcare Representative,2,Divorced,16444,6306,9,Y,No,7,4,2,80,1,34,6,2,5,2,0,5
35,No,Non-Travel,128,Human Resources,5,4,Marketing,1,37,3,Male,63,3,1,Manager,4,Married,14929,19582,3,Y,Yes,8,4,3,80,3,18,5,1,13,9,5,2
57,No,Non-Travel,1200,Research & Development,5,2,Other,1,38,2,Female,47,4,3,Manufacturing Director,4,Divorced,9693,14735,0,Y,No,19,4,1,80,3,35,4,4,10,8,1,2
35,No,Non-Travel,350,Sales,22,3,Medical,1,39,3,Male,88,1,2,Sales Representative,2,Divorced,8219,5003,5,Y,Yes,11,3,2,80,2,17,0,2,12,1,1,5
32,No,Non-Travel,132,Sales,4,5,Life Sciences,1,40,1,Female,52,4,2,Sales Executive,1,Single,12609,10695,0,Y,No,6,3,4,80,2,11,6,4,1,1,1,1
24,No,Travel_Frequently,250,Research & Development,1,2,Human Resources,1,41,2,Female,40,1,3,Healthcare Representative,3,Divorced,16534,12554,0,Y,No,24,3,3,80,3,5,4,4,5,5,1,5
56,No,Non-Travel,740,Human Resources,14,1,Other,1,42,1,Female,62,1,4,Human Resources,1,Single,15984,14265,5,Y,No,9,4,1,80,3,37,0,4,13,7,1,6
53,No,Travel_Rarely,1283,Sales,28,5,Human Resources,1,43,1,Male,94,2,1,Sales Manager,3,Divorced,5394,8971,6,Y,No,9,4,3,80,3,36,6,1,2,2,2,2
45,No,Travel_Rarely,287,Research & Development,1,3,Life Sciences,1,44,3,Male,97,4,3,Research Director,2,Divorced,3004,9049,2,Y,No,17,4,3,80,2,24,5,3,19,7,1,3
54,Yes,Travel_Rarely,1149,Human Resources,22,2,Medical,1,45,4,Male,44,3,1,Human Resources,3,Single,9063,13310,6,Y,Yes,18,3,1,80,2,35,3,2,20,8,6,5
37,No,Travel_Frequently,247,Sales,14,3,Marketing,1,46,1,Male,80,4,1,Sales Executive,3,Single,13605,3386,2,Y,No,18,3,4,80,3,16,5,4,13,9,3,9
43,Yes,Travel_Rarely,910,Sales,28,2,Human Resources,1,47,1,Male,69,2,3,Sales Manager,1,Married,4577,13125,1,Y,Yes,12,4,2,80,0,22,2,3,14,10,6,9
27,Yes,Travel_Rarely,1000,Research & Development,25,2,Human Resources,1,48,1,Female,38,3,2,Research Scientist,3,Single,6946,17365,9,Y,No,19,4,1,80,3,9,3,3,9,9,5,6
41,Yes,Travel_Rarely,226,Human Resources,30,1,Human Resources,1,49,1,Female,87,2,4,Manager,2,Single,6943,5391,9,Y,Yes,15,3,4,80,0,24,4,4,7,6,6,7
36,No,Travel_Rarely,782,Human Resources,4,3,Other,1,50,4,Female,40,3,3,Human Resources,2,Married,6927,21095,8,Y,No,9,4,1,80,0,19,4,3,13,5,4,10
39,No,Non-Travel,381,Human Resources,12,5,Life Sciences,1,51,3,Male,49,1,5,Manager,2,Divorced,9423,4528,4,Y,Yes,14,3,4,80,2,18,1,2,7,6,6,4
57,No,Travel_Frequently,853,Sales,10,4,Life Sciences,1,52,2,Male,86,4,2,Sales Representative,2,Divorced,8357,17128,7,Y,No,14,4,2,80,3,36,0,3,18,4,4,8
53,No,Travel_Rarely,154,Sales,29,5,Life Sciences,1,53,4,Male,83,2,2,Sales Executive,1,Divorced,13455,3745,8,Y,No,17,4,3,80,2,32,0,2,14,2,2,8
59,Yes,Travel_Rarely,1346,Sales,20,2,Life Sciences,1,54,3,Female,97,2,2,Sales Representative,1,Single,19983,15869,0,Y,No,8,4,1,80,3,37,3,2,1,1,1,1
49,No,Non-Travel,838,Research & Development,20,5,Human Resources,1,55,4,Male,38,4,3,Laboratory Technician,1,Divorced,19153,19237,5,Y,Yes,22,3,4,80,3,28,2,3,19,7,2,2
22,No,Travel_Rarely,229,Human Resources,18,1,Human Resources,1,56,2,Female,88,1,2,Manager,1,Single,6418,3211,5,Y,No,14,3,3,80,0,5,4,3,5,5,5,3
52,No,Travel_Frequently,794,Research & Development,11,1,Other,1,57,1,Female,53,3,3,Research Director,4,Married,14669,18259,4,Y,Yes,20,4,1,80,0,30,4,4,12,7,6,8
38,Yes,Non-Travel,662,Sales,23,3,Other,1,58,2,Male,37,3,4,Sales Representative,1,Single,16252,4458,7,Y,Yes,25,4,2,80,3,18,0,4,15,1,1,10
59,No,Travel_Rarely,1430,Research & Development,12,4,Human Resources,1,59,4,Female,65,2,2,Healthcare Representative,4,Married,12301,10179,7,Y,No,8,3,1,80,3,37,6,3,19,3,3,7
31,Yes,Non-Travel,694,Research & Development,29,4,Medical,1,60,2,Female,68,3,1,Laboratory Technician,1,Divorced,19765,7161,7,Y,No,25,3,2,80,3,9,1,2,9,6,1,9
53,No,Travel_Rarely,1415,Human Resources,23,5,Medical,1,61,2,Female,39,2,1,Human Resources,2,Married,12388,16744,7,Y,Yes,19,4,4,80,2,35,6,1,14,7,1,3
37,No,Non-Travel,291,Research & Development,9,3,Other,1,62,3,Male,94,2,5,Research Director,1,Single,19481,23003,3,Y,No,10,3,1,80,2,20,0,1,18,5,2,5
54,No,Non-Travel,951,Human Resources,26,1,Technical Degree,1,63,3,Female,91,2,3,Manager,3,Divorced,16404,17218,6,Y,No,11,4,3,80,3,34,1,4,15,2,0,3
24,No,Non-Travel,1283,Sales,2,4,Life Sciences,1,64,4,Female,70,4,2,Sales Representative,3,Single,12729,8220,4,Y,No,10,4,4,80,1,5,0,1,5,5,3,3
33,No,Travel_Rarely,849,Research & Development,18,3,Life Sciences,1,65,3,Male,35,3,4,Research Director,1,Divorced,15213,15126,0,Y,No,6,3,4,80,3,11,6,4,11,3,3,6
57,No,Non-Travel,380,Sales,7,1,Technical Degree,1,66,2,Male,72,2,5,Sales Representative,3,Single,3275,17523,9,Y,No,21,4,3,80,2,39,3,2,13,9,0,1
50,Yes,Travel_Frequently,205,Sales,4,5,Marketing,1,67,2,Female,91,2,3,Sales Executive,1,Divorced,9456,7587,6,Y,No,21,4,1,80,2,32,0,2,10,1,1,5
27,Yes,Travel_Frequently,1041,Human Resources,7,2,Technical Degree,1,68,4,Female,98,3,1,Manager,2,Divorced,7674,13217,8,Y,No,22,4,2,80,1,7,4,3,7,7,6,6
37,No,Travel_Rarely,399,Human Resources,18,2,Other,1,69,4,Female,67,3,3,Manager,3,Divorced,13309,3378,4,Y,No,14,3,4,80,3,17,1,2,4,4,4,4
35,Yes,Travel_Frequently,1067,Human Resources,29,5,Other,1,70,4,Male,42,2,2,Human Resources,4,Single,12823,24321,8,Y,No,9,3,4,80,0,14,6,2,8,1,1,7
59,Yes,Non-Travel,711,Human Resources,30,5,Medical,1,71,2,Male,43,4,2,Human Resources,4,Single,2303,12978,0,Y,Yes,14,4,3,80,3,40,6,2,16,3,3,1
47,No,Non-Travel,478,Human Resources,20,2,Life Sciences,1,72,3,Female,47,1,3,Manager,4,Divorced,5125,17645,6,Y,No,15,3,2,80,1,28,6,4,17,6,1,7
37,No,Travel_Rarely,1358,Research & Development,6,3,Other,1,73,4,Male,58,2,1,Research Scientist,3,Married,14043,9180,6,Y,Yes,9,4,4,80,3,20,6,4,17,5,1,5
56,No,Non-Travel,1165,Human Resources,27,4,Human Resources,1,74,4,Male,86,1,1,Manager,1,Divorced,12751,5808,8,Y,No,11,4,4,80,0,38,4,2,7,7,2,3
21,No,Travel_Frequently,223,Research & Development,7,3,Other,1,75,2,Female,38,4,3,Manufacturing Director,2,Divorced,19732,17468,9,Y,No,6,4,4,80,0,1,3,3,1,1,1,1
42,No,Travel_Frequently,1479,Human Resources,13,5,Medical,1,76,2,Female,99,2,1,Manager,4,Single,17171,15897,8,Y,Yes,22,4,3,80,1,21,2,2,8,1,0,5
25,No,Non-Travel,998,Research & Development,20,4,Human Resources,1,77,3,Male,59,2,2,Laboratory Technician,2,Divorced,15181,19686,0,Y,No,11,3,3,80,0,6,1,3,6,1,1,1
60,No,Travel_Frequently,752,Research & Development,22,3,Marketing,1,78,2,Male,83,4,5,Healthcare Representative,4,Married,19185,15377,6,Y,Yes,9,4,2,80,1,42,2,2,16,1,1,7
21,No,Non-Travel,872,Research & Development,11,5,Human Resources,1,79,2,Female,35,4,2,Manufacturing Director,3,Married,10796,4384,1,Y,Yes,11,3,3,80,2,2,1,1,2,2,2,1
25,No,Travel_Rarely,1118,Research & Development,13,5,Other,1,80,3,Female,89,2,2,Manufacturing Director,3,Single,18803,5231,7,Y,Yes,20,4,4,80,2,7,4,1,7,5,4,6
19,No,Non-Travel,627,Human Resources,11,5,Human Resources,1,81,3,Female,92,2,3,Manager,2,Divorced,13061,23027,3,Y,Yes,20,4,2,80,1,1,1,4,1,1,1,1
22,Yes,Non-Travel,113,Human Resources,7,4,Medical,1,82,3,Male,98,1,1,Human Resources,3,Single,2515,20076,8,Y,Yes,18,3,1,80,1,3,6,4,3,1,1,3
24,No,Travel_Rarely,1500,Human Resources,3,2,Human Resources,1,83,4,Male,40,1,3,Manager,4,Single,11829,23421,5,Y,Yes,25,3,4,80,2,5,0,4,5,5,3,4
23,No,Non-Travel,1254,Research & Development,29,3,Human Resources,1,84,2,Female,34,2,1,Healthcare Representative,4,Married,19794,7877,9,Y,Yes,15,3,1,80,1,4,1,3,4,1,1,4
42,No,Non-Travel,1398,Human Resources,4,2,Other,1,85,4,Female,64,3,5,Human Resources,4,Married,2970,16763,6,Y,No,20,3,2,80,2,21,0,4,3,3,3,3
22,Yes,Travel_Rarely,371,Human Resources,4,2,Technical Degree,1,86,1,Male,41,4,4,Human Resources,1,Married,5349,8140,1,Y,Yes,18,4,1,80,2,1,4,3,1,1,1,1
38,No,Travel_Frequently,649,Sales,17,3,Technical Degree,1,87,3,Female,93,4,5,Sales Executive,4,Single,11867,6781,2,Y,Yes,7,3,3,80,1,21,6,4,13,3,2,5
33,No,Non-Travel,1433,Sales,13,5,Medical,1,88,3,Female,47,4,2,Sales Executive,2,Divorced,16110,11844,5,Y,No,15,3,4,80,2,15,2,3,13,6,6,6
33,Yes,Travel_Frequently,696,Sales,18,3,Technical Degree,1,89,2,Female,38,3,5,Sales Executive,3,Married,16367,15406,2,Y,No,20,3,2,80,1,16,6,4,16,1,1,4
56,No,Travel_Rarely,1425,Human Resources,23,4,Human Resources,1,90,4,Female,35,3,5,Manager,1,Divorced,7450,20455,8,Y,Yes,25,4,1,80,0,38,2,1,3,2,2,3
51,No,Travel_Rarely,813,Sales,1,3,Technical Degree,1,91,3,Male,69,4,5,Sales Manager,4,Married,6642,13241,7,Y,No,19,3,1,80,1,29,5,4,10,7,1,2
37,No,Travel_Frequently,1046,Sales,8,1,Life Sciences,1,92,4,Male,59,2,1,Sales Manager,4,Divorced,15971,15272,8,Y,No,25,3,1,80,1,16,3,2,16,3,3,9
31,Yes,Travel_Rarely,1351,Research & Development,7,1,Human Resources,1,93,4,Male,80,3,2,Healthcare Representative,2,Married,14734,21234,7,Y,Yes,8,4,3,80,2,9,5,1,9,8,5,9
33,No,Travel_Rarely,1421,Human Resources,20,2,Marketing,1,94,2,Female,52,3,5,Human Resources,2,Single,19608,20183,2,Y,Yes,10,4,3,80,3,15,4,4,13,7,2,8
18,No,Travel_Rarely,166,Human Resources,23,2,Technical Degree,1,95,4,Female,65,2,4,Manager,4,Single,11571,9367,7,Y,No,22,4,1,80,3,1,2,1,1,1,0,1
20,Yes,Travel_Rarely,1349,Research & Development,9,2,Technical Degree,1,96,2,Female,84,2,3,Laboratory Technician,1,Divorced,13489,7438,5,Y,Yes,24,3,3,80,0,1,4,3,1,1,1,1
36,No,Non-Travel,1484,Human Resources,9,3,Human Resources,1,97,4,Female,80,4,2,Human Resources,4,Divorced,10111,18038,2,Y,No,9,4,1,80,3,19,3,1,5,4,2,5
41,Yes,Non-Travel,761,Research & Development,26,3,Human Resources,1,98,3,Female,66,4,4,Research Scientist,1,Married,10799,13067,8,Y,No,22,3,1,80,2,22,5,1,7,7,3,7
28,No,Travel_Rarely,1381,Research & Development,3,1,Technical Degree,1,99,1,Female,69,1,3,Laboratory Technician,1,Married,14987,24919,5,Y,Yes,12,4,2,80,1,8,0,4,3,3,2,1
51,No,Travel_Rarely,712,Sales,3,1,Other,1,100,1,Female,47,1,4,Sales Executive,2,Single,14044,14541,3,Y,Yes,9,3,4,80,1,32,5,3,3,2,1,3
27,No,Travel_Frequently,1420,Research & Development,24,4,Medical,1,101,3,Female,40,1,2,Research Scientist,2,Divorced,11075,10131,6,Y,Yes,22,4,2,80,0,7,2,4,7,6,2,4
33,No,Travel_Frequently,848,Sales,29,1,Medical,1,102,1,Female,99,1,5,Sales Manager,1,Married,15790,24378,0,Y,Yes,10,4,1,80,0,13,1,3,11,3,3,10
43,Yes,Travel_Frequently,1147,Sales,18,5,Technical Degree,1,103,1,Female,56,4,4,Sales Manager,3,Divorced,4589,7091,8,Y,Yes,22,4,4,80,0,25,0,2,5,5,1,5
45,Yes,Non-Travel,1159,Research & Development,23,5,Human Resources,1,104,1,Male,63,3,2,Research Director,1,Married,19137,7471,2,Y,Yes,16,3,3,80,0,28,2,4,1,1,1,1
54,Yes,Travel_Rarely,190,Sales,6,4,Human Resources,1,105,4,Male,31,3,4,Sales Executive,2,Married,2084,10013,4,Y,No,6,4,2,80,1,32,4,1,19,2,2,9
33,No,Travel_Frequently,1052,Research & Development,22,3,Marketing,1,106,1,Female,66,4,3,Healthcare Representative,3,Divorced,4258,12180,0,Y,No,15,3,2,80,0,12,4,3,8,8,0,7
33,Yes,Non-Travel,102,Research & Development,30,5,Technical Degree,1,107,4,Female,78,2,2,Healthcare Representative,4,Married,12977,12076,6,Y,No,8,3,1,80,1,11,5,2,8,8,5,1
32,Yes,Travel_Frequently,584,Human Resources,5,3,Technical Degree,1,108,3,Female,67,3,5,Human Resources,4,Divorced,6283,10552,6,Y,Yes,15,4,3,80,0,10,0,2,10,10,0,7
55,No,Non-Travel,285,Sales,18,1,Medical,1,109,3,Male,50,2,3,Sales Representative,2,Single,5929,24480,5,Y,No,14,3,1,80,3,34,2,2,15,5,5,5
37,No,Non-Travel,505,Sales,15,1,Technical Degree,1,110,1,Female,81,3,5,Sales Manager,1,Single,6283,14197,1,Y,No,25,3,1,80,1,16,5,2,4,1,0,4
23,Yes,Travel_Frequently,483,Research & Development,13,1,Technical Degree,1,111,2,Female,65,1,5,Laboratory Technician,3,Single,9035,11170,7,Y,No,19,3,4,80,3,1,4,4,1,1,1,1
35,Yes,Travel_Rarely,758,Human Resources,26,4,Medical,1,112,2,Female,79,3,5,Human Resources,1,Single,18462,10861,5,Y,No,10,3,3,80,0,16,6,1,16,8,5,10
55,Yes,Non-Travel,834,Human Resources,19,1,Medical,1,113,4,Male,33,2,3,Human Resources,3,Single,12420,24955,6,Y,Yes,16,3,2,80,0,35,0,4,6,3,3,6
56,No,Non-Travel,327,Research & Development,11,5,Technical Degree,1,114,1,Male,97,4,5,Research Director,3,Single,6641,13956,2,Y,Yes,7,4,3,80,1,36,1,3,2,1,1,2
45,Yes,Travel_Rarely,472,Human Resources,10,3,Medical,1,115,2,Female,70,4,2,Manager,3,Divorced,3061,22033,4,Y,No,12,3,1,80,1,24,2,2,6,1,1,6
23,No,Travel_Rarely,440,Research & Development,26,1,Marketing,1,116,1,Female,82,4,1,Laboratory Technician,4,Married,15751,18157,1,Y,Yes,17,4,2,80,2,6,3,2,1,1,1,1
20,No,Travel_Rarely,1438,Research & Development,6,3,Marketing,1,117,1,Female,51,1,3,Research Scientist,3,Single,16133,21900,1,Y,No,18,3,2,80,1,2,3,2,2,2,2,1
37,No,Travel_Rarely,152,Human Resources,1,1,Technical Degree,1,118,4,Male,56,1,2,Manager,1,Single,5178,7597,6,Y,No,25,4,3,80,0,15,3,4,10,10,7,4
34,No,Non-Travel,1255,Research & Development,15,5,Technical Degree,1,119,4,Male,37,3,4,Research Director,2,Divorced,10800,6952,0,Y,No,8,3,1,80,2,14,6,4,14,8,4,4
48,No,Non-Travel,967,Sales,25,3,Life Sciences,1,120,3,Male,40,2,1,Sales Manager,3,Married,3398,24384,7,Y,No,18,3,1,80,1,27,3,1,6,4,3,3
35,No,Non-Travel,685,Human Resources,5,5,Human Resources,1,121,4,Female,98,4,1,Manager,4,Single,5309,13267,9,Y,No,18,4,1,80,3,17,2,2,17,2,1,10
56,No,Travel_Rarely,301,Human Resources,29,4,Marketing,1,122,3,Female,59,3,1,Human Resources,4,Single,18109,6403,5,Y,Yes,14,4,1,80,3,34,3,2,11,5,4,5
44,No,Travel_Frequently,511,Human Resources,17,3,Life Sciences,1,123,3,Female,37,1,1,Human Resources,2,Divorced,8316,10175,6,Y,No,6,4,3,80,2,23,6,3,17,10,0,3
58,No,Non-Travel,285,Sales,28,1,Medical,1,124,2,Male,66,2,5,Sales Representative,2,Divorced,10475,2899,7,Y,No,17,3,2,80,3,40,2,2,18,6,5,3
18,Yes,Travel_Frequently,1055,Research & Development,23,2,Human Resources,1,125,1,Female,68,1,3,Laboratory Technician,3,Single,9150,24190,4,Y,Yes,21,4,3,80,2,1,5,3,1,1,1,1
39,No,Non-Travel,1442,Sales,17,3,Marketing,1,126,4,Female,93,4,3,Sales Manager,1,Divorced,2834,11686,3,Y,Yes,13,4,2,80,1,17,5,3,17,7,5,3
58,No,Travel_Rarely,555,Sales,4,3,Human Resources,1,127,3,Female,75,3,5,Sales Executive,3,Divorced,4926,9318,7,Y,Yes,14,4,3,80,1,37,6,4,9,9,2,6
58,Yes,Travel_Rarely,393,Research & Development,2,2,Human Resources,1,128,2,Male,70,3,5,Manufacturing Director,3,Married,16993,7909,2,Y,No,7,4,1,80,2,37,3,1,7,6,6,7
28,No,Travel_Rarely,759,Human Resources,16,1,Medical,1,129,2,Male,97,2,4,Manager,3,Married,2461,8244,6,Y,No,5,3,3,80,3,6,0,2,2,2,2,2
37,No,Travel_Rarely,139,Sales,29,1,Marketing,1,130,2,Male,59,1,5,Sales Representative,1,Single,15218,9350,2,Y,No,9,3,3,80,2,17,3,1,16,6,3,3
57,No,Travel_Rarely,1390,Research & Development,15,1,Other,1,131,2,Male,31,3,1,Research Scientist,4,Divorced,8733,11866,6,Y,Yes,18,3,1,80,0,35,2,1,18,5,5,3
49,Yes,Travel_Rarely,105,Human Resources,6,2,Marketing,1,132,2,Male,31,4,3,Human Resources,1,Divorced,9684,24008,0,Y,Yes,7,3,1,80,3,31,2,1,16,4,4,6
36,No,Travel_Frequently,1458,Research & Development,11,1,Life Sciences,1,133,1,Female,51,3,3,Research Scientist,3,Married,6534,12769,6,Y,No,16,4,3,80,2,19,0,2,4,2,0,1
47,Yes,Travel_Frequently,471,Human Resources,24,4,Technical Degree,1,134,4,Female,78,2,1,Human Resources,4,Married,16357,13750,0,Y,Yes,24,3,1,80,1,26,3,4,4,4,4,4
59,Yes,Travel_Rarely,123,Human Resources,22,5,Other,1,135,1,Female,50,2,3,Human Resources,4,Single,3788,18566,3,Y,No,20,4,3,80,0,40,2,2,12,7,2,9
32,No,Non-Travel,926,Sales,28,2,Life Sciences,1,136,3,Female,82,1,5,Sales Representative,2,Married,5363,3174,7,Y,Yes,22,3,4,80,3,13,2,3,11,2,2,1
47,No,Non-Travel,865,Sales,4,5,Human Resources,1,137,4,Female,43,2,3,Sales Manager,1,Divorced,19104,3500,3,Y,Yes,10,4,3,80,3,25,1,2,11,6,4,9
43,No,Travel_Frequently,1186,Sales,27,2,Other,1,138,2,Male,36,2,4,Sales Executive,2,Married,2142,20128,9,Y,No,18,4,1,80,0,21,5,4,15,8,2,8
42,No,Non-Travel,511,Sales,5,2,Marketing,1,139,2,Female,56,2,3,Sales Representative,3,Divorced,9121,22452,6,Y,No,14,4,1,80,3,24,4,3,17,5,5,9
60,No,Non-Travel,1499,Sales,13,5,Marketing,1,140,1,Female,62,2,5,Sales Executive,3,Divorced,11391,6798,2,Y,Yes,6,4,4,80,0,38,4,1,2,2,2,2
53,No,Travel_Rarely,561,Sales,14,5,Other,1,141,3,Female,77,2,1,Sales Manager,4,Single,16518,21280,5,Y,Yes,22,3,2,80,3,35,1,1,2,1,1,2
25,No,Travel_Frequently,760,Human Resources,28,4,Marketing,1,142,3,Female,36,4,2,Manager,1,Single,7036,22492,4,Y,Yes,24,4,3,80,1,3,1,2,3,3,2,1
28,Yes,Travel_Frequently,334,Research & Development,11,5,Technical Degree,1,143,3,Female,74,1,2,Research Director,4,Divorced,2288,16603,5,Y,No,12,3,1,80,1,8,2,4,8,4,4,8
51,Yes,Travel_Rarely,1472,Sales,17,5,Technical Degree,1,144,4,Female,57,2,3,Sales Executive,1,Divorced,8906,24459,1,Y,No,18,3,2,80,1,29,3,1,6,6,0,2
22,No,Travel_Rarely,1478,Research & Development,13,3,Human Resources,1,145,1,Male,45,1,2,Healthcare Representative,3,Single,14763,19525,7,Y,No,5,3,1,80,2,5,6,3,5,5,5,1
36,No,Non-Travel,1233,Research & Development,24,4,Other,1,146,1,Female,48,4,2,Manufacturing Director,3,Married,2365,6038,6,Y,No,6,3,2,80,1,18,1,3,10,3,3,6
50,No,Non-Travel,613,Human Resources,22,2,Medical,1,147,3,Male,42,3,2,Manager,2,Single,4207,8468,9,Y,Yes,23,4,2,80,0,28,2,1,18,8,1,5
38,No,Travel_Frequently,553,Human Resources,19,3,Human Resources,1,148,4,Female,85,3,5,Manager,4,Married,10066,11066,5,Y,No,16,3,4,80,1,18,6,3,14,3,0,6
24,Yes,Travel_Rarely,1308,Sales,24,5,Life Sciences,1,149,2,Male,57,4,5,Sales Executive,3,Divorced,15275,3201,1,Y,No,22,4,4,80,1,7,6,2,3,1,0,3
50,No,Travel_Frequently,182,Research & Development,5,3,Human Resources,1,150,3,Male,58,3,5,Laboratory Technician,2,Married,13757,17979,7,Y,No,12,3,1,80,1,29,4,2,6,6,2,6
47,No,Travel_Rarely,1157,Human Resources,21,3,Life Sciences,1,151,1,Male,81,4,3,Manager,2,Single,9303,13563,6,Y,Yes,16,4,4,80,1,27,1,2,19,2,2,7
35,No,Travel_Rarely,1309,Sales,26,2,Medical,1,152,1,Male,50,2,1,Sales Manager,2,Single,8904,23209,5,Y,Yes,18,3,2,80,1,18,5,2,4,4,4,4
27,Yes,Travel_Frequently,549,Human Resources,24,3,Medical,1,153,2,Male,82,3,5,Manager,3,Single,7589,21688,4,Y,No,9,3,4,80,0,5,1,1,5,5,5,5
24,No,Non-Travel,1450,Human Resources,16,5,Human Resources,1,154,4,Male,46,4,2,Manager,3,Single,17802,21774,9,Y,No,22,3,1,80,0,6,1,4,2,2,1,2
42,Yes,Non-Travel,111,Sales,30,5,Life Sciences,1,155,4,Female,30,1,3,Sales Executive,2,Divorced,8193,20939,1,Y,Yes,21,3,3,80,3,22,2,4,20,9,6,5
59,Yes,Travel_Frequently,1245,Human Resources,13,5,Technical Degree,1,156,2,Female,91,4,5,Manager,1,Married,14131,10315,3,Y,Yes,14,4,2,80,2,40,6,4,18,9,7,3
50,No,Travel_Frequently,638,Human Resources,1,5,Human Resources,1,157,4,Female,58,4,2,Human Resources,3,Married,4099,14151,1,Y,No,7,3,1,80,3,29,5,2,16,10,6,2
30,Yes,Travel_Frequently,823,Human Resources,2,1,Human Resources,1,158,1,Female,80,1,5,Human Resources,1,Single,15088,15285,5,Y,No,23,3,3,80,1,9,2,3,1,1,1,1
30,Yes,Travel_Frequently,1006,Sales,3,5,Life Sciences,1,159,4,Female,78,3,4,Sales Executive,4,Married,10196,20453,8,Y,No,20,3,1,80,0,10,0,4,10,2,2,9
58,Yes,Travel_Frequently,1235,Sales,27,2,Marketing,1,160,3,Male,52,2,5,Sales Representative,2,Divorced,4491,17615,4,Y,Yes,15,4,2,80,0,37,5,4,10,2,2,6
33,Yes,Non-Travel,1087,Research & Development,4,2,Medical,1,161,4,Female,77,3,3,Healthcare Representative,2,Single,3384,22338,1,Y,Yes,15,4,3,80,1,16,1,4,16,10,0,9
45,No,Non-Travel,1289,Sales,23,1,Human Resources,1,162,3,Female,42,2,2,Sales Representative,2,Divorced,14433,12663,8,Y,No,16,4,3,80,3,26,4,4,11,1,0,4
49,No,Travel_Rarely,1237,Sales,6,4,Other,1,163,4,Female,85,2,4,Sales Representative,1,Single,9726,14480,9,Y,Yes,11,3,2,80,2,28,3,4,19,4,1,5
58,No,Travel_Frequently,632,Human Resources,6,3,Marketing,1,164,1,Female,76,3,4,Human Resources,4,Married,12966,13806,0,Y,Yes,22,4,1,80,0,37,6,3,9,8,1,8
59,No,Travel_Rarely,246,Human Resources,20,3,Marketing,1,165,3,Male,40,3,4,Manager,3,Married,15263,7308,4,Y,No,15,3,3,80,0,40,2,4,5,3,3,5
41,Yes,Travel_Frequently,1069,Research & Development,23,2,Medical,1,166,1,Female,100,1,2,Laboratory Technician,3,Married,4090,3763,1,Y,No,5,4,2,80,2,20,5,1,6,6,1,2
33,Yes,Travel_Frequently,376,Human Resources,12,2,Medical,1,167,3,Female,99,4,1,Human Resources,3,Married,16576,7801,5,Y,Yes,23,4,4,80,0,14,6,2,14,9,4,9
41,No,Travel_Rarely,981,Research & Development,10,2,Marketing,1,168,2,Female,67,3,5,Research Scientist,4,Married,2299,21562,7,Y,Yes,12,3,4,80,1,23,1,4,1,1,1,1
59,No,Travel_Rarely,693,Research & Development,21,2,Marketing,1,169,4,Female,44,3,2,Manufacturing Director,2,Married,6476,22869,8,Y,Yes,19,4,3,80,2,39,1,1,14,4,1,3
19,Yes,Non-Travel,860,Research & Development,5,3,Marketing,1,170,2,Male,89,1,1,Manufacturing Director,1,Single,18331,24837,0,Y,No,6,4,3,80,1,1,0,4,1,1,1,1
34,No,Travel_Frequently,1495,Research & Development,2,1,Other,1,171,3,Female,69,1,4,Manufacturing Director,4,Single,14750,12586,3,Y,Yes,10,3,3,80,1,15,2,2,4,4,3,4
31,No,Travel_Rarely,860,Research & Development,26,4,Marketing,1,172,3,Male,41,1,3,Laboratory Technician,1,Single,7078,10150,3,Y,Yes,10,4,1,80,0,9,5,3,2,2,2,2
24,Yes,Non-Travel,1244,Human Resources,23,2,Marketing,1,173,3,Male,67,2,4,Manager,3,Married,16336,19784,6,Y,Yes,20,3,4,80,1,4,6,3,4,4,0,4
27,No,Travel_Frequently,1448,Sales,6,3,Human Resources,1,174,3,Female,98,2,1,Sales Representative,3,Married,4075,14697,0,Y,Yes,11,4,4,80,3,9,0,3,9,9,3,6
22,No,Non-Travel,552,Research & Development,2,2,Life Sciences,1,175,4,Male,39,1,4,Research Scientist,1,Single,14004,2428,9,Y,No,11,4,3,80,1,5,6,4,5,5,4,1
21,No,Travel_Frequently,1177,Research & Development,4,1,Other,1,176,1,Female,61,4,1,Research Director,3,Divorced,8328,20678,1,Y,Yes,25,3,4,80,1,4,0,4,4,4,4,4
53,No,Travel_Rarely,1346,Research & Development,29,3,Other,1,177,3,Female,60,4,5,Healthcare Representative,3,Divorced,12598,20453,5,Y,Yes,22,3,4,80,3,35,3,4,11,6,6,7
36,No,Travel_Rarely,1042,Research & Development,1,2,Marketing,1,178,2,Male,75,3,2,Research Director,2,Divorced,3236,7115,4,Y,No,9,4,3,80,1,18,0,3,17,9,2,2
31,Yes,Travel_Frequently,812,Research & Development,21,3,Technical Degree,1,179,4,Male,85,1,5,Manufacturing Director,1,Divorced,12957,15648,4,Y,Yes,8,3,3,80,0,9,2,1,9,7,1,1
32,No,Travel_Rarely,1222,Human Resources,26,4,Technical Degree,1,180,2,Male,81,4,2,Human Resources,2,Single,3615,10603,6,Y,No,7,4,4,80,3,11,3,2,5,5,1,5
30,Yes,Non-Travel,1316,Sales,22,1,Marketing,1,181,2,Male,33,4,5,Sales Representative,4,Single,13289,11988,6,Y,No,10,4,1,80,0,11,1,2,11,6,3,6
23,Yes,Travel_Rarely,1201,Human Resources,23,1,Medical,1,182,2,Male,57,4,3,Human Resources,1,Divorced,8848,8678,1,Y,Yes,22,4,4,80,0,3,2,1,3,3,0,3
30,Yes,Travel_Frequently,1141,Research & Development,28,4,Other,1,183,2,Female,42,2,4,Research Scientist,4,Single,14474,12336,5,Y,No,20,3,1,80,2,8,1,1,1,1,1,1
43,Yes,Travel_Frequently,561,Sales,9,3,Other,1,184,4,Male,49,1,3,Sales Representative,2,Single,11181,13199,0,Y,Yes,17,3,4,80,1,26,4,2,9,7,0,9
37,No,Non-Travel,1241,Research & Development,10,5,Medical,1,185,1,Female,98,2,5,Laboratory Technician,3,Married,4222,5879,8,Y,No,10,4,4,80,1,16,2,4,14,3,2,6
58,Yes,Travel_Frequently,262,Research & Development,19,2,Life Sciences,1,186,2,Female,91,3,1,Laboratory Technician,4,Single,13772,6393,9,Y,Yes,21,4,4,80,2,37,1,4,20,4,3,1
20,No,Non-Travel,929,Research & Development,30,3,Technical Degree,1,187,1,Female,35,4,2,Laboratory Technician,1,Single,16010,21920,7,Y,Yes,17,4,4,80,0,2,6,4,2,2,2,2
33,Yes,Travel_Rarely,1355,Sales,15,1,Human Resources,1,188,4,Female,36,4,1,Sales Manager,1,Divorced,11647,24608,6,Y,Yes,21,3,1,80,1,13,6,2,10,8,2,7
38,Yes,Travel_Rarely,274,Human Resources,11,2,Technical Degree,1,189,4,Female,97,4,4,Human Resources,1,Single,13892,14585,2,Y,Yes,21,3,2,80,0,21,4,3,4,2,1,4
27,No,Travel_Frequently,1119,Sales,6,1,Technical Degree,1,190,2,Male,93,2,4,Sales Representative,4,Divorced,17028,19809,1,Y,Yes,5,4,4,80,2,6,3,4,6,1,1,1
18,Yes,Non-Travel,200,Human Resources,2,3,Human Resources,1,191,2,Male,43,3,1,Human Resources,4,Divorced,4873,15662,5,Y,No,10,3,3,80,1,1,0,1,1,1,1,1
42,No,Travel_Frequently,323,Sales,28,5,Life Sciences,1,192,3,Male,97,4,2,Sales Representative,3,Married,3906,4872,4,Y,No,20,4,3,80,0,22,4,2,17,7,3,4
58,No,Non-Travel,783,Research & Development,1,2,Human Resources,1,193,2,Female,74,1,2,Research Director,3,Married,3490,20363,7,Y,No,25,3,3,80,0,41,2,1,4,4,4,4
38,No,Non-Travel,418,Sales,7,3,Marketing,1,194,1,Male,88,4,5,Sales Manager,3,Single,17777,19595,5,Y,No,15,4,3,80,0,18,1,1,16,8,0,3
40,Yes,Travel_Frequently,656,Sales,20,3,Life Sciences,1,195,4,Male,82,3,5,Sales Representative,3,Single,3036,4844,6,Y,Yes,20,3,2,80,1,19,1,3,19,2,2,6
20,Yes,Non-Travel,1157,Research & Development,11,4,Human Resources,1,196,1,Male,46,4,5,Manufacturing Director,1,Single,5219,8723,7,Y,Yes,6,4,3,80,1,3,5,1,3,3,3,3
20,No,Non-Travel,405,Human Resources,7,3,Life Sciences,1,197,2,Male,50,1,2,Manager,3,Divorced,10934,10966,4,Y,No,8,3,3,80,2,1,1,3,1,1,1,1
28,Yes,Non-Travel,466,Human Resources,16,5,Marketing,1,198,2,Male,87,3,1,Manager,1,Married,14842,22195,0,Y,No,16,4,4,80,1,6,0,2,6,1,1,6
37,No,Travel_Rarely,331,Research & Development,6,2,Medical,1,199,3,Female,74,3,3,Healthcare Representative,2,Married,17575,17684,5,Y,Yes,19,3,1,80,2,17,6,4,15,8,0,2
59,Yes,Travel_Frequently,1310,Sales,8,5,Technical Degree,1,200,2,Male,85,2,4,Sales Manager,1,Married,8823,16265,8,Y,No,23,4,4,80,1,38,4,1,16,7,1,6
24,No,Travel_Rarely,1027,Research & Development,16,3,Technical Degree,1,201,2,Female,98,2,1,Healthcare Representative,3,Single,6889,11551,0,Y,No,17,4,3,80,3,2,3,3,2,2,0,2
55,No,Travel_Frequently,581,Research & Development,2,5,Technical Degree,1,202,4,Male,85,4,1,Research Director,4,Divorced,3021,21338,0,Y,Yes,17,4,4,80,2,38,5,2,18,6,1,5
30,Yes,Non-Travel,1415,Sales,3,4,Medical,1,203,4,Female,83,2,2,Sales Manager,4,Married,6496,16943,0,Y,Yes,24,4,4,80,1,9,2,4,9,7,2,2
56,No,Travel_Frequently,1288,Research & Development,19,4,Other,1,204,4,Male,91,3,3,Healthcare Representative,1,Divorced,5708,24626,5,Y,Yes,7,3,1,80,3,34,3,2,2,2,2,2
52,No,Travel_Frequently,443,Human Resources,29,1,Marketing,1,205,1,Female,34,3,4,Human Resources,4,Divorced,11476,24775,7,Y,No,24,4,2,80,3,34,5,1,11,7,5,5
57,No,Travel_Rarely,1311,Research & Development,5,4,Life Sciences,1,206,3,Male,49,2,1,Healthcare Representative,2,Married,7721,23599,9,Y,Yes,19,4,4,80,2,37,6,2,9,5,0,2
23,Yes,Travel_Frequently,207,Sales,21,2,Technical Degree,1,207,4,Male,51,3,2,Sales Representative,2,Divorced,5800,17204,2,Y,No,17,4,4,80,3,2,3,4,2,2,0,2
45,No,Non-Travel,646,Human Resources,30,4,Technical Degree,1,208,2,Male,42,4,5,Manager,2,Married,10858,10367,8,Y,Yes,25,4,3,80,0,28,2,2,12,7,4,6
22,No,Travel_Frequently,1327,Research & Development,10,1,Human Resources,1,209,2,Male,45,4,3,Manufacturing Director,1,Married,9104,5931,4,Y,No,7,3,2,80,1,1,2,3,1,1,1,1
22,Yes,Non-Travel,464,Human Resources,9,4,Other,1,210,2,Female,86,4,3,Manager,4,Married,10672,4274,0,Y,No,20,3,1,80,1,3,4,2,3,3,0,3
59,No,Travel_Rarely,775,Research & Development,1,3,Life Sciences,1,211,4,Male,80,4,1,Research Scientist,4,Married,6967,20829,7,Y,No,5,4,1,80,2,38,0,2,1,1,1,1
48,No,Non-Travel,1426,Sales,21,5,Marketing,1,212,2,Male,55,4,3,Sales Manager,3,Divorced,11501,7787,1,Y,No,22,3,4,80,3,28,5,1,18,6,1,8
58,No,Travel_Rarely,794,Research & Development,13,2,Medical,1,213,2,Female,37,1,1,Laboratory Technician,4,Divorced,3213,13066,1,Y,Yes,6,4,2,80,1,40,0,2,10,8,7,1
49,No,Travel_Frequently,317,Research & Development,2,5,Life Sciences,1,214,2,Male,44,1,1,Laboratory Technician,4,Married,4095,18290,4,Y,Yes,24,3,3,80,1,27,2,4,15,10,2,10
54,No,Non-Travel,1291,Human Resources,9,2,Life Sciences,1,215,1,Male,35,2,3,Human Resources,4,Married,9983,6370,2,Y,Yes,8,4,1,80,0,35,0,1,6,6,2,6
59,No,Travel_Frequently,1123,Research & Development,15,4,Other,1,216,1,Female,41,4,2,Laboratory Technician,2,Married,7898,22551,6,Y,Yes,14,4,2,80,2,38,4,1,6,6,0,6
52,Yes,Travel_Frequently,683,Research & Development,28,2,Marketing,1,217,1,Male,56,4,1,Laboratory Technician,1,Married,13933,16243,7,Y,Yes,13,4,1,80,1,33,1,2,6,3,0,1
25,Yes,Travel_Frequently,944,Human Resources,22,4,Human Resources,1,218,4,Male,55,4,4,Manager,1,Single,9769,14305,5,Y,No,12,3,4,80,1,4,1,2,4,4,3,2
41,No,Non-Travel,956,Sales,2,2,Other,1,219,2,Male,51,2,2,Sales Representative,2,Married,17026,13258,9,Y,No,12,4,1,80,2,19,6,4,9,3,1,8
31,No,Travel_Rarely,182,Human Resources,14,3,Life Sciences,1,220,4,Female,90,4,2,Manager,1,Married,3449,18522,9,Y,Yes,6,4,4,80,1,10,1,4,10,3,0,7
18,No,Travel_Rarely,383,Sales,22,2,Marketing,1,221,1,Female,81,1,1,Sales Executive,4,Single,17196,8060,4,Y,No,16,4,3,80,0,1,2,1,1,1,0,1
57,Yes,Non-Travel,458,Sales,4,1,Human Resources,1,222,2,Male,38,3,1,Sales Manager,1,Divorced,14007,20374,6,Y,Yes,11,3,4,80,2,37,6,2,15,10,0,6
35,Yes,Travel_Frequently,1478,Sales,17,1,Life Sciences,1,223,4,Female,38,1,4,Sales Representative,2,Married,14063,8171,1,Y,Yes,19,3,3,80,3,16,0,1,16,9,4,8
27,No,Travel_Frequently,487,Human Resources,18,2,Human Resources,1,224,3,Female,38,4,3,Human Resources,3,Single,11552,2722,2,Y,No,12,4,4,80,3,8,3,4,8,7,7,1
37,Yes,Travel_Rarely,1464,Sales,10,2,Technical Degree,1,225,3,Male,49,1,1,Sales Representative,2,Married,7746,7283,7,Y,Yes,12,3,4,80,1,16,2,3,16,3,3,3
20,No,Non-Travel,108,Sales,30,2,Marketing,1,226,3,Female,99,4,2,Sales Manager,2,Married,7113,18626,0,Y,Yes,15,4,4,80,2,1,5,3,1,1,1,1
20,No,Travel_Rarely,554,Sales,12,5,Life Sciences,1,227,1,Male,65,4,4,Sales Executive,4,Divorced,19250,8413,1,Y,Yes,5,3,2,80,1,1,2,4,1,1,1,1
41,Yes,Travel_Rarely,1006,Sales,12,4,Marketing,1,228,1,Female,66,2,1,Sales Representative,2,Single,15618,7367,4,Y,No,18,4,2,80,2,22,3,3,18,2,2,8
55,No,Travel_Frequently,186,Human Resources,15,1,Technical Degree,1,229,2,Female,68,4,4,Manager,1,Single,18075,21176,9,Y,No,14,4,1,80,1,34,2,2,7,3,3,5
58,Yes,Non-Travel,1258,Research & Development,25,3,Technical Degree,1,230,3,Female,85,1,2,Manufacturing Director,1,Single,17744,10451,4,Y,Yes,25,4,3,80,0,39,4,2,3,3,3,3
47,Yes,Non-Travel,1326,Sales,10,2,Life Sciences,1,231,3,Male,51,3,4,Sales Representative,3,Married,5096,19816,4,Y,Yes,15,4,1,80,2,29,6,3,3,3,3,3
51,No,Non-Travel,256,Sales,17,4,Technical Degree,1,232,3,Female,44,3,1,Sales Executive,3,Married,17089,6300,3,Y,No,5,4,2,80,1,30,4,4,18,10,1,7
37,No,Non-Travel,983,Research & Development,7,1,Medical,1,233,4,Male,35,1,2,Laboratory Technician,1,Divorced,17868,8434,2,Y,No,8,3,3,80,2,15,0,1,14,2,1,1
24,No,Non-Travel,1134,Research & Development,5,2,Human Resources,1,234,2,Male,38,2,3,Laboratory Technician,3,Divorced,9924,5247,4,Y,Yes,23,3,2,80,0,6,5,1,6,6,2,6
50,Yes,Travel_Rarely,353,Sales,13,5,Medical,1,235,3,Female,89,4,1,Sales Manager,3,Married,12298,5614,6,Y,No,21,3,1,80,1,29,2,1,17,4,4,2
36,No,Travel_Rarely,1480,Sales,28,3,Other,1,236,1,Female,92,4,5,Sales Executive,1,Divorced,2418,24023,6,Y,Yes,8,4,2,80,3,15,3,4,3,3,3,3
28,Yes,Non-Travel,1074,Research & Development,27,2,Marketing,1,237,4,Male,81,2,4,Healthcare Representative,1,Married,13668,17877,6,Y,No,21,4,1,80,0,11,3,3,11,5,4,7
26,Yes,Travel_Rarely,1108,Sales,20,1,Life Sciences,1,238,3,Male,89,4,1,Sales Manager,3,Single,19037,8616,5,Y,Yes,14,4,1,80,1,5,3,1,5,5,1,2
38,No,Travel_Frequently,1265,Research & Development,6,4,Life Sciences,1,239,2,Female,92,4,5,Laboratory Technician,1,Married,5584,23629,7,Y,No,22,4,4,80,2,19,3,3,5,5,5,5
40,Yes,Travel_Rarely,831,Human Resources,26,1,Life Sciences,1,240,2,Female,82,2,2,Human Resources,3,Married,13309,13510,9,Y,No,6,3,1,80,2,18,6,1,11,7,1,7
28,Yes,Travel_Rarely,760,Sales,1,3,Life Sciences,1,241,4,Male,42,3,4,Sales Manager,3,Divorced,14789,18002,7,Y,No,8,3,2,80,3,10,2,3,1,1,1,1
58,No,Non-Travel,1260,Sales,20,2,Marketing,1,242,1,Male,97,3,3,Sales Executive,3,Divorced,4204,17573,1,Y,No,18,3,3,80,3,41,5,4,19,2,2,5
43,No,Travel_Frequently,1169,Human Resources,16,5,Technical Degree,1,243,2,Female,55,2,1,Human Resources,3,Divorced,3962,13936,3,Y,Yes,19,3,4,80,1,26,2,4,15,5,5,10
44,No,Non-Travel,964,Human Resources,5,2,Marketing,1,244,1,Female,34,2,4,Human Resources,3,Married,16291,8618,3,Y,Yes,10,4,3,80,1,22,5,2,8,5,5,8
49,No,Travel_Rarely,347,Human Resources,22,1,Marketing,1,245,1,Male,96,4,1,Manager,2,Single,18392,23765,1,Y,No,23,4,1,80,3,30,2,3,5,4,1,5
33,No,Travel_Rarely,1217,Research & Development,9,2,Life Sciences,1,246,3,Female,84,2,3,Laboratory Technician,4,Single,12370,17560,9,Y,Yes,12,4,3,80,3,11,0,3,11,9,5,2
60,No,Travel_Frequently,716,Human Resources,4,2,Marketing,1,247,4,Male,41,2,3,Manager,3,Divorced,10373,9715,8,Y,Yes,14,3,4,80,2,39,2,1,15,7,0,7
49,Yes,Travel_Frequently,206,Human Resources,9,4,Marketing,1,248,4,Female,53,1,1,Manager,2,Divorced,2896,22648,8,Y,Yes,19,3,3,80,1,27,4,3,12,7,5,8
33,No,Non-Travel,472,Sales,22,4,Marketing,1,249,1,Male,80,1,2,Sales Representative,2,Divorced,14045,14364,9,Y,No,23,3,1,80,2,13,1,4,10,4,1,7
28,No,Travel_Rarely,342,Human Resources,6,5,Technical Degree,1,250,4,Male,58,3,2,Manager,4,Married,18192,8656,9,Y,Yes,11,4,2,80,0,6,6,4,1,1,1,1
36,Yes,Non-Travel,1060,Research & Development,20,2,Technical Degree,1,251,4,Male,47,4,3,Research Scientist,3,Married,2338,12592,7,Y,Yes,17,3,1,80,2,15,4,1,12,10,7,2
33,Yes,Travel_Frequently,1288,Human Resources,20,5,Other,1,252,4,Female,52,3,1,Human Resources,2,Married,3347,10529,6,Y,No,10,4,1,80,2,13,5,3,13,6,2,9
25,Yes,Travel_Rarely,746,Sales,29,2,Technical Degree,1,253,2,Female,92,1,3,Sales Manager,2,Single,7406,6956,4,Y,Yes,22,4,1,80,3,7,1,2,7,7,5,7
28,No,Travel_Rarely,681,Research & Development,16,1,Technical Degree,1,254,1,Female,53,2,3,Manufacturing Director,2,Married,8675,7514,1,Y,No,21,4,4,80,3,11,1,1,5,2,2,2
39,No,Non-Travel,774,Sales,1,1,Technical Degree,1,255,2,Male,35,3,1,Sales Manager,2,Married,2190,23501,1,Y,Yes,24,4,1,80,2,20,2,3,16,8,4,10
53,No,Non-Travel,711,Research & Development,28,4,Marketing,1,256,1,Female,92,3,4,Laboratory Technician,3,Single,5951,16167,3,Y,No,14,3,2,80,0,32,3,4,13,7,4,3
54,No,Non-Travel,1389,Human Resources,2,4,Marketing,1,257,1,Female,97,4,4,Human Resources,4,Single,19277,4751,8,Y,No,14,4,3,80,3,34,1,2,15,4,2,8
51,No,Travel_Frequently,1299,Human Resources,14,5,Life Sciences,1,258,2,Female,40,4,1,Human Resources,2,Married,10351,18496,6,Y,No,5,3,4,80,0,29,0,1,15,10,4,6
37,No,Non-Travel,136,Sales,7,4,Other,1,259,4,Female,30,2,3,Sales Manager,4,Divorced,19510,14941,2,Y,No,8,3,4,80,2,15,2,4,15,5,1,7
43,No,Travel_Frequently,490,Research & Development,7,2,Medical,1,260,4,Female,41,4,1,Laboratory Technician,1,Single,19648,11860,0,Y,No,19,3,1,80,0,22,1,2,16,3,3,7
48,Yes,Non-Travel,175,Research & Development,11,5,Medical,1,261,1,Male,92,2,5,Research Director,1,Married,11528,15096,0,Y,Yes,20,4,4,80,3,26,4,3,14,7,7,10
59,No,Non-Travel,1139,Human Resources,6,1,Technical Degree,1,262,3,Female,58,2,4,Manager,4,Married,9605,21256,4,Y,No,15,4,4,80,3,42,6,3,7,7,5,7
28,Yes,Non-Travel,1240,Sales,20,1,Other,1,263,2,Male,36,3,2,Sales Executive,2,Married,8862,2594,7,Y,No,16,4,1,80,1,6,2,1,6,6,4,4
32,No,Travel_Frequently,1036,Sales,9,2,Technical Degree,1,264,1,Male,44,1,3,Sales Representative,2,Divorced,16346,5469,2,Y,Yes,24,3,1,80,0,15,2,2,15,10,1,1
46,No,Non-Travel,687,Human Resources,28,1,Medical,1,265,4,Female,94,3,3,Manager,3,Divorced,13184,7611,3,Y,No,7,4,2,80,1,27,6,2,14,1,1,8
26,No,Non-Travel,922,Human Resources,25,4,Technical Degree,1,266,2,Female,51,1,1,Manager,1,Married,12315,16223,0,Y,No,6,4,3,80,3,9,3,4,9,2,1,6
38,No,Travel_Frequently,717,Human Resources,7,3,Human Resources,1,267,2,Female,40,4,4,Human Resources,3,Single,8464,3211,8,Y,No,22,4,2,80,3,20,4,1,20,8,5,7
58,Yes,Travel_Frequently,353,Human Resources,14,1,Human Resources,1,268,1,Male,36,3,2,Manager,4,Single,13615,23330,8,Y,Yes,8,4,3,80,2,36,6,2,2,2,2,2
36,No,Travel_Frequently,267,Human Resources,19,4,Human Resources,1,269,2,Male,41,4,1,Human Resources,4,Divorced,15502,4037,3,Y,No,18,3,1,80,2,16,5,3,15,2,2,7
51,Yes,Travel_Frequently,1151,Human Resources,14,5,Technical Degree,1,270,1,Female,97,4,4,Manager,2,Married,6239,5868,2,Y,No,11,4,3,80,3,30,4,1,17,3,3,8
41,No,Travel_Rarely,680,Research & Development,10,5,Medical,1,271,3,Female,57,1,3,Research Director,1,Single,11999,7999,7,Y,No,20,3,1,80,2,19,3,4,5,3,3,1
39,No,Travel_Frequently,909,Research & Development,15,5,Medical,1,272,1,Female,73,3,4,Healthcare Representative,2,Married,9629,19727,2,Y,Yes,6,4,1,80,3,22,4,3,11,2,2,7
23,Yes,Travel_Rarely,602,Research & Development,17,5,Human Resources,1,273,1,Male,86,4,5,Healthcare Representative,4,Divorced,8743,4773,0,Y,Yes,22,4,1,80,1,1,3,3,1,1,0,1
51,No,Travel_Rarely,220,Research & Development,5,3,Life Sciences,1,274,4,Female,71,3,5,Research Scientist,1,Married,7544,7946,2,Y,No,5,3,3,80,1,31,3,2,3,3,3,3
25,No,Non-Travel,159,Human Resources,9,2,Human Resources,1,275,1,Male,82,3,4,Human Resources,2,Single,17865,22759,0,Y,No,12,3,2,80,3,5,4,3,5,5,5,2
58,Yes,Travel_Frequently,223,Research & Development,15,3,Human Resources,1,276,3,Male,91,4,5,Laboratory Technician,2,Single,2017,10955,0,Y,Yes,24,4,3,80,3,36,1,1,15,10,4,3
43,Yes,Travel_Frequently,531,Sales,11,5,Marketing,1,277,1,Male,88,2,5,Sales Executive,4,Single,13194,21644,4,Y,Yes,15,3,1,80,2,26,5,1,15,5,3,6
49,Yes,Travel_Frequently,117,Human Resources,15,1,Other,1,278,1,Female,45,4,5,Human Resources,2,Divorced,7806,17161,1,Y,No,16,3,1,80,0,29,5,3,13,10,5,7
57,No,Travel_Rarely,1265,Sales,29,2,Medical,1,279,1,Female,94,2,1,Sales Representative,2,Divorced,11088,18187,9,Y,Yes,10,3,1,80,2,36,2,2,1,1,1,1
35,No,Non-Travel,1055,Human Resources,14,1,Other,1,280,1,Male,93,2,5,Manager,3,Divorced,18983,13844,0,Y,Yes,21,3,4,80,3,15,2,4,14,7,4,2
39,No,Non-Travel,149,Research & Development,6,1,Other,1,281,2,Male,72,4,1,Manufacturing Director,3,Divorced,16154,10205,5,Y,Yes,12,3,1,80,1,19,4,3,3,2,0,3
56,No,Travel_Rarely,234,Research & Development,11,4,Human Resources,1,282,4,Female,43,3,1,Research Scientist,4,Single,16150,24202,1,Y,Yes,6,3,1,80,0,35,1,4,2,2,0,2
47,No,Travel_Frequently,1314,Sales,11,5,Life Sciences,1,283,4,Female,54,3,1,Sales Manager,4,Divorced,4213,20783,9,Y,Yes,9,4,4,80,3,26,1,2,4,2,0,4
21,Yes,Non-Travel,1301,Human Resources,16,5,Technical Degree,1,284,3,Male,48,4,3,Manager,2,Married,18963,3878,4,Y,Yes,12,3,2,80,1,3,6,2,3,3,3,1
60,Yes,Travel_Frequently,549,Human Resources,10,4,Human Resources,1,285,2,Female,30,4,5,Manager,2,Divorced,18250,22931,6,Y,No,12,3,4,80,2,40,6,3,6,2,2,1
29,No,Non-Travel,505,Sales,10,1,Life Sciences,1,286,3,Male,66,2,5,Sales Executive,2,Married,8524,7706,7,Y,Yes,12,4,2,80,0,8,0,2,8,6,0,1
24,No,Travel_Rarely,395,Human Resources,15,2,Technical Degree,1,287,3,Male,46,3,3,Human Resources,4,Divorced,5882,8214,3,Y,Yes,11,4,2,80,1,4,6,1,4,3,3,2
36,No,Non-Travel,1421,Human Resources,24,2,Life Sciences,1,288,3,Male,95,2,2,Manager,3,Married,14717,14263,1,Y,No,20,4,4,80,3,17,3,4,17,2,2,9
58,No,Travel_Rarely,375,Sales,14,2,Medical,1,289,1,Male,40,2,4,Sales Executive,4,Single,4777,11668,6,Y,No,19,4,3,80,1,40,3,4,6,6,4,6
41,Yes,Travel_Rarely,301,Research & Development,21,3,Technical Degree,1,290,3,Female,45,2,4,Laboratory Technician,2,Married,9462,4337,1,Y,No,16,3,3,80,1,21,2,3,3,3,1,3
56,Yes,Travel_Rarely,564,Research & Development,13,5,Marketing,1,291,3,Male,56,4,3,Research Director,1,Divorced,9457,17546,9,Y,No,12,4,3,80,2,39,3,2,1,1,1,1
46,Yes,Travel_Frequently,713,Research & Development,27,2,Human Resources,1,292,2,Male,71,2,1,Research Director,3,Married,19616,21233,5,Y,No,5,3,4,80,3,26,1,4,8,7,6,7
42,Yes,Non-Travel,507,Human Resources,4,1,Marketing,1,293,3,Male,38,2,3,Manager,1,Married,8117,14644,8,Y,Yes,14,3,4,80,0,21,2,1,2,2,2,1
44,No,Travel_Rarely,1336,Human Resources,29,1,Medical,1,294,2,Female,69,3,4,Manager,1,Single,7202,21250,3,Y,No,11,4,2,80,0,23,0,4,7,5,5,7
33,No,Travel_Rarely,467,Sales,21,4,Technical Degree,1,295,4,Female,85,1,1,Sales Manager,1,Divorced,10163,17002,7,Y,No,17,3,2,80,0,13,2,2,10,7,2,7
22,Yes,Travel_Frequently,191,Research & Development,25,4,Human Resources,1,296,3,Male,89,4,1,Research Director,4,Married,18582,2875,5,Y,Yes,7,4,2,80,0,3,0,4,3,3,3,3
26,Yes,Travel_Frequently,462,Sales,15,4,Technical Degree,1,297,1,Female,67,2,1,Sales Executive,1,Divorced,5293,6068,2,Y,No,22,4,3,80,1,7,3,2,7,3,2,1
20,No,Travel_Rarely,588,Human Resources,2,1,Other,1,298,1,Male,55,1,4,Human Resources,3,Married,14276,4994,9,Y,Yes,5,4,2,80,2,1,1,1,1,1,1,1
60,No,Travel_Rarely,575,Sales,18,2,Life Sciences,1,299,1,Male,57,2,1,Sales Manager,4,Divorced,5958,5469,3,Y,Yes,16,4,3,80,2,42,3,1,7,7,6,7
22,No,Travel_Rarely,1328,Research & Development,25,5,Marketing,1,300,2,Female,71,3,2,Research Scientist,3,Divorced,5104,22672,9,Y,Yes,17,3,4,80,3,3,2,1,3,3,2,3
55,No,Non-Travel,222,Human Resources,1,5,Other,1,301,2,Female,47,2,5,Human Resources,4,Married,4601,14272,9,Y,No,20,4,2,80,0,33,1,1,10,4,4,4
39,No,Non-Travel,1345,Research & Development,8,3,Other,1,302,1,Male,78,4,4,Healthcare Representative,1,Married,9289,19087,5,Y,Yes,15,3,4,80,2,19,1,1,8,4,0,4
27,Yes,Travel_Rarely,1340,Human Resources,24,1,Medical,1,303,3,Male,61,2,2,Human Resources,4,Single,7781,11932,7,Y,No,14,4,1,80,0,7,3,3,6,4,3,6
46,No,Travel_Rarely,626,Sales,14,5,Other,1,304,4,Female,78,3,4,Sales Executive,4,Divorced,7757,17192,1,Y,No,14,4,1,80,0,26,1,3,20,9,2,9
30,No,Travel_Rarely,354,Human Resources,13,5,Other,1,305,3,Male,79,4,4,Manager,3,Single,3272,20533,5,Y,Yes,10,3,4,80,3,11,5,3,11,5,1,7
45,Yes,Travel_Rarely,125,Sales,20,4,Life Sciences,1,306,1,Male,44,4,1,Sales Manager,2,Single,7289,5024,7,Y,No,25,4,4,80,1,28,6,2,5,5,3,5
37,Yes,Travel_Frequently,444,Sales,19,3,Other,1,307,4,Female,92,4,1,Sales Manager,3,Divorced,2210,2051,5,Y,No,8,3,4,80,0,16,1,2,9,4,4,5
26,Yes,Non-Travel,1383,Research & Development,7,2,Human Resources,1,308,1,Male,43,3,5,Manufacturing Director,4,Married,16441,22854,0,Y,No,10,3,1,80,1,9,0,3,6,4,4,6
33,No,Non-Travel,790,Research & Development,7,1,Life Sciences,1,309,2,Female,84,3,1,Research Director,3,Married,17506,13028,8,Y,Yes,16,4,4,80,0,11,4,4,11,10,4,8
39,Yes,Travel_Frequently,1154,Sales,4,4,Other,1,310,1,Male,82,3,2,Sales Manager,3,Single,17571,23634,8,Y,No,11,3,1,80,0,19,5,3,8,6,6,8
49,Yes,Travel_Frequently,278,Sales,13,5,Life Sciences,1,311,4,Female,68,2,4,Sales Representative,1,Divorced,18316,24054,4,Y,Yes,22,4,4,80,0,31,1,2,7,3,0,3
60,Yes,Travel_Rarely,285,Research & Development,8,4,Other,1,312,4,Male,72,3,3,Laboratory Technician,4,Single,18120,9333,4,Y,No,23,3,4,80,3,43,1,2,16,2,2,9
23,Yes,Non-Travel,488,Human Resources,28,3,Other,1,313,2,Male,79,2,1,Human Resources,1,Single,19550,15883,5,Y,No,15,4,4,80,2,4,4,1,4,1,1,1
36,Yes,Travel_Frequently,696,Human Resources,11,4,Medical,1,314,2,Male,78,2,2,Manager,1,Married,18220,3927,4,Y,No,15,3,2,80,0,18,5,4,4,4,4,4
60,No,Travel_Rarely,299,Sales,13,5,Technical Degree,1,315,4,Male,46,3,4,Sales Representative,2,Single,14903,12597,1,Y,No,23,3,2,80,2,42,5,4,10,5,3,9
27,Yes,Travel_Frequently,1070,Human Resources,26,2,Other,1,316,2,Male,52,4,3,Human Resources,4,Single,13651,3719,2,Y,Yes,8,4,2,80,0,8,0,1,8,3,0,2
37,Yes,Travel_Rarely,1101,Human Resources,21,4,Other,1,317,1,Male,95,3,4,Human Resources,2,Divorced,5999,9370,7,Y,No,5,4,4,80,3,17,5,4,1,1,1,1
26,Yes,Travel_Rarely,470,Human Resources,18,1,Other,1,318,1,Male,53,3,4,Human Resources,1,Married,5844,2174,8,Y,Yes,22,4,2,80,0,8,5,2,8,2,1,4
34,Yes,Travel_Rarely,386,Sales,22,1,Human Resources,1,319,1,Male,92,2,5,Sales Representative,1,Single,16579,24777,0,Y,Yes,15,4,2,80,1,13,1,1,10,1,1,9
31,No,Travel_Frequently,919,Human Resources,20,5,Medical,1,320,2,Male,88,2,3,Manager,1,Divorced,7351,4728,6,Y,No,13,4,3,80,1,9,5,2,9,5,4,7
59,Yes,Non-Travel,1411,Sales,9,2,Marketing,1,321,2,Male,41,2,1,Sales Representative,3,Married,12792,13888,1,Y,Yes,15,4,1,80,1,41,3,1,4,4,4,2
24,Yes,Travel_Frequently,751,Sales,12,5,Other,1,322,2,Male,79,4,4,Sales Manager,3,Single,7595,7920,9,Y,Yes,16,4,1,80,0,4,5,2,4,4,1,1
54,No,Non-Travel,568,Research & Development,15,3,Other,1,323,3,Female,69,4,4,Healthcare Representative,1,Single,19058,22828,5,Y,Yes,7,4,1,80,3,35,5,1,17,5,4,7
28,No,Travel_Rarely,114,Sales,16,3,Human Resources,1,324,4,Male,84,1,4,Sales Executive,2,Single,8231,19508,8,Y,No,16,3,2,80,1,11,0,2,11,2,2,1
50,Yes,Travel_Rarely,642,Sales,30,4,Technical Degree,1,325,3,Female,57,2,3,Sales Executive,1,Single,11618,2073,3,Y,No,25,4,4,80,0,32,0,4,4,4,4,4
47,No,Travel_Rarely,414,Research & Development,1,3,Life Sciences,1,326,3,Female,82,2,2,Research Director,2,Married,18853,6058,1,Y,No,20,3,4,80,3,28,2,4,16,4,1,9
29,No,Travel_Frequently,373,Sales,14,4,Other,1,327,2,Female,80,2,2,Sales Executive,4,Single,3319,15797,0,Y,No,15,3,3,80,2,9,3,1,7,2,2,5
26,No,Non-Travel,1489,Human Resources,26,5,Other,1,328,4,Female,73,4,2,Manager,3,Married,3705,16079,0,Y,No,24,3,3,80,0,5,0,4,5,5,0,4
27,Yes,Non-Travel,569,Sales,16,3,Life Sciences,1,329,2,Male,45,3,2,Sales Manager,2,Single,6873,6335,1,Y,Yes,17,3,4,80,3,10,4,1,10,10,2,4
21,Yes,Travel_Rarely,844,Human Resources,16,5,Marketing,1,330,1,Female,65,3,2,Human Resources,2,Married,10822,13502,0,Y,No,18,3,1,80,2,3,0,1,3,1,1,2
48,Yes,Travel_Rarely,840,Research & Development,10,1,Technical Degree,1,331,2,Female,97,3,4,Research Director,4,Divorced,13815,21815,1,Y,Yes,16,3,1,80,2,26,1,1,1,1,1,1
59,No,Travel_Rarely,956,Research & Development,24,4,Life Sciences,1,332,4,Male,100,3,5,Healthcare Representative,1,Single,8281,10274,7,Y,No,22,4,4,80,2,38,3,1,18,3,0,3
50,No,Travel_Frequently,1143,Human Resources,2,5,Marketing,1,333,2,Male,79,3,3,Human Resources,2,Single,16344,20431,3,Y,Yes,17,4,1,80,0,33,4,2,13,8,1,3
18,No,Travel_Frequently,1409,Sales,4,5,Marketing,1,334,2,Female,48,1,3,Sales Executive,2,Divorced,3280,11101,2,Y,No,9,4,1,80,2,1,5,1,1,1,1,1
41,Yes,Travel_Rarely,1200,Human Resources,2,5,Marketing,1,335,4,Female,43,2,4,Human Resources,2,Single,2512,24548,0,Y,No,17,4,3,80,2,21,1,3,8,5,2,5
32,Yes,Non-Travel,735,Research & Development,27,2,Technical Degree,1,336,2,Female,50,1,2,Manufacturing Director,1,Married,2689,7823,2,Y,No,17,3,4,80,3,11,3,2,11,8,2,5
51,Yes,Non-Travel,392,Research & Development,27,1,Human Resources,1,337,2,Male,31,1,4,Manufacturing Director,2,Divorced,10770,2307,0,Y,Yes,8,4,4,80,0,34,6,4,2,2,2,2
48,No,Non-Travel,390,Human Resources,27,1,Human Resources,1,338,4,Male,30,4,5,Manager,2,Single,15608,9350,0,Y,No,5,3,3,80,0,26,1,3,18,5,1,9
25,No,Travel_Frequently,1186,Research & Development,11,1,Medical,1,339,3,Female,72,2,3,Research Director,3,Single,16045,21648,1,Y,No,10,4,3,80,0,5,2,1,3,1,1,3
34,No,Travel_Rarely,285,Research & Development,24,2,Other,1,340,3,Male,71,3,2,Research Director,4,Single,6740,6179,7,Y,No,10,4,4,80,3,12,5,4,4,4,4,4
58,No,Travel_Frequently,278,Sales,18,2,Technical Degree,1,341,3,Female,60,1,4,Sales Manager,4,Single,9187,13852,3,Y,No,5,3,2,80,3,39,0,1,3,3,3,3
26,Yes,Non-Travel,210,Sales,24,2,Human Resources,1,342,2,Female,43,4,2,Sales Executive,1,Married,14179,23716,2,Y,Yes,23,3,2,80,1,4,1,3,4,4,0,4
18,No,Travel_Rarely,1415,Human Resources,14,2,Technical Degree,1,343,4,Female,34,1,5,Human Resources,4,Single,3966,21797,5,Y,No,10,3,4,80,2,1,4,3,1,1,1,1
45,Yes,Travel_Frequently,741,Sales,2,1,Human Resources,1,344,4,Male,81,3,2,Sales Executive,2,Married,17643,14467,3,Y,Yes,10,3,3,80,3,26,0,1,6,6,1,6
39,No,Travel_Frequently,274,Human Resources,1,3,Medical,1,345,3,Male,35,1,1,Human Resources,1,Single,10820,20472,4,Y,No,20,3,3,80,1,18,2,1,18,4,0,4
50,No,Travel_Rarely,1076,Sales,29,4,Other,1,346,1,Male,34,4,1,Sales Executive,1,Married,14521,11506,8,Y,Yes,10,3,2,80,2,28,6,2,17,3,0,10
28,Yes,Non-Travel,299,Sales,29,2,Marketing,1,347,1,Female,31,4,5,Sales Representative,4,Married,18302,6673,6,Y,Yes,14,3,3,80,3,7,2,2,7,7,1,3
54,No,Travel_Rarely,687,Research & Development,25,1,Life Sciences,1,348,3,Female,81,4,3,Manufacturing Director,3,Married,13910,15403,7,Y,No,24,3,3,80,3,37,5,1,5,2,2,1
34,Yes,Non-Travel,1046,Research & Development,10,1,Other,1,349,1,Male,41,4,1,Healthcare Representative,1,Divorced,14721,13433,6,Y,No,19,4,2,80,1,13,3,1,13,7,1,4
39,No,Travel_Rarely,1263,Sales,15,3,Human Resources,1,350,4,Male,34,3,4,Sales Executive,4,Married,12491,21696,0,Y,Yes,17,3,2,80,0,21,1,1,5,5,2,4
45,No,Non-Travel,289,Research & Development,10,2,Life Sciences,1,351,3,Female,84,2,3,Research Scientist,4,Married,3761,13207,7,Y,Yes,14,3,4,80,3,26,4,4,17,4,4,3
45,No,Non-Travel,1039,Research & Development,24,5,Technical Degree,1,352,3,Female,48,4,5,Healthcare Representative,1,Divorced,6931,18365,9,Y,No,15,3,4,80,1,27,5,2,5,5,5,1
55,No,Travel_Frequently,133,Research & Development,13,2,Other,1,353,4,Male,68,4,5,Manufacturing Director,4,Single,13920,12058,3,Y,No,21,3,4,80,1,35,2,3,7,4,0,6
39,No,Travel_Frequently,283,Sales,14,4,Technical Degree,1,354,1,Male,32,4,5,Sales Executive,4,Single,5401,22193,6,Y,No,18,3,1,80,1,19,6,3,14,5,1,2
47,No,Travel_Frequently,729,Research & Development,23,2,Technical Degree,1,355,1,Female,83,4,4,Research Director,1,Single,10667,24062,6,Y,No,12,3,1,80,3,25,6,2,12,4,4,5
51,No,Non-Travel,925,Sales,20,2,Human Resources,1,356,1,Female,70,2,5,Sales Executive,2,Married,7692,18950,6,Y,No,10,4,1,80,3,29,6,4,19,7,2,7
28,Yes,Non-Travel,1399,Research & Development,20,1,Life Sciences,1,357,2,Female,75,3,1,Manufacturing Director,2,Single,16867,8113,8,Y,Yes,12,3,4,80,1,6,5,3,6,6,0,3
27,No,Non-Travel,525,Research & Development,5,5,Life Sciences,1,358,1,Male,80,4,5,Manufacturing Director,4,Divorced,13842,5298,4,Y,No,20,3,1,80,0,7,5,2,6,2,1,6
38,Yes,Non-Travel,621,Research & Development,11,2,Marketing,1,359,2,Female,45,1,5,Laboratory Technician,2,Single,19096,8319,5,Y,Yes,24,3,3,80,0,19,1,1,19,10,0,3
32,No,Travel_Rarely,919,Sales,23,2,Marketing,1,360,4,Male,54,3,2,Sales Representative,1,Divorced,18798,10195,8,Y,Yes,10,3,3,80,0,15,6,2,10,8,7,7
49,No,Travel_Frequently,442,Human Resources,13,4,Human Resources,1,361,3,Female,34,3,3,Manager,4,Married,16726,18756,6,Y,No,13,4,1,80,0,28,1,1,19,6,5,2
29,Yes,Travel_Rarely,576,Human Resources,4,1,Medical,1,362,1,Female,38,2,3,Manager,3,Single,12536,14635,0,Y,No,14,3,1,80,1,9,5,4,1,1,1,1
38,Yes,Non-Travel,683,Sales,4,1,Technical Degree,1,363,3,Male,32,4,3,Sales Executive,2,Single,2696,23091,7,Y,Yes,23,3,4,80,3,17,4,1,17,6,6,4
19,No,Travel_Rarely,1030,Human Resources,13,1,Technical Degree,1,364,1,Male,93,1,3,Manager,2,Married,11779,23007,1,Y,Yes,8,4,1,80,2,1,1,1,1,1,0,1
45,No,Travel_Frequently,640,Human Resources,28,1,Medical,1,365,2,Male,72,3,5,Manager,2,Single,4458,24541,0,Y,No,24,4,4,80,0,25,1,1,2,2,0,2
55,No,Travel_Frequently,706,Research & Development,16,4,Other,1,366,1,Female,40,2,5,Healthcare Representative,1,Divorced,10644,13567,7,Y,Yes,22,3,4,80,1,35,1,1,11,8,3,2
47,No,Travel_Rarely,844,Sales,23,4,Life Sciences,1,367,2,Female,79,4,5,Sales Executive,1,Single,9169,16825,7,Y,No,24,3,3,80,2,30,1,4,5,5,1,3
54,Yes,Travel_Rarely,342,Human Resources,6,4,Life Sciences,1,368,2,Male,100,2,2,Human Resources,4,Single,10702,4754,4,Y,No,16,4,4,80,0,32,0,3,16,9,7,6
24,Yes,Travel_Rarely,323,Sales,6,4,Other,1,369,1,Male,36,2,3,Sales Executive,1,Divorced,16207,23179,9,Y,Yes,12,3,1,80,1,4,1,3,4,4,4,4
35,Yes,Travel_Rarely,479,Sales,7,4,Technical Degree,1,370,2,Male,94,3,2,Sales Executive,2,Divorced,5088,24953,2,Y,Yes,24,4,3,80,2,14,1,1,12,5,4,1
47,No,Non-Travel,1067,Sales,6,4,Technical Degree,1,371,2,Male,44,2,2,Sales Executive,2,Single,10110,3480,0,Y,No,5,4,1,80,2,29,2,1,12,8,0,8
40,No,Travel_Rarely,1410,Sales,23,4,Marketing,1,372,3,Female,32,2,1,Sales Representative,4,Divorced,19016,6846,5,Y,No,18,3,1,80,2,22,4,2,20,8,1,5
23,No,Travel_Rarely,490,Human Resources,30,1,Marketing,1,373,4,Male,35,1,5,Manager,4,Married,12135,20989,5,Y,Yes,21,4,3,80,1,3,0,3,3,3,3,3
27,Yes,Travel_Rarely,679,Sales,16,2,Human Resources,1,374,4,Female,45,1,5,Sales Manager,3,Divorced,9121,3743,4,Y,Yes,20,4,1,80,1,5,2,1,5,1,1,1
36,Yes,Travel_Rarely,300,Human Resources,8,3,Medical,1,375,4,Male,63,2,4,Human Resources,3,Single,15078,11896,0,Y,Yes,24,4,2,80,0,17,2,2,12,4,4,7
30,Yes,Travel_Rarely,832,Human Resources,26,1,Marketing,1,376,4,Female,89,4,5,Manager,4,Married,18509,13606,6,Y,No,18,4,1,80,1,8,6,1,5,5,5,5
26,Yes,Non-Travel,211,Sales,25,5,Human Resources,1,377,1,Female,40,3,5,Sales Executive,3,Single,17080,3792,6,Y,Yes,13,3,4,80,2,5,6,3,5,1,1,5
55,No,Non-Travel,334,Research & Development,29,2,Human Resources,1,378,2,Male,38,1,4,Healthcare Representative,2,Divorced,8576,2001,2,Y,No,9,3,1,80,1,35,0,4,10,1,1,10
25,No,Travel_Frequently,449,Research & Development,20,4,Medical,1,379,4,Female,95,4,3,Healthcare Representative,3,Married,9886,24925,1,Y,No,22,3,3,80,3,6,4,1,5,1,1,3
35,No,Travel_Rarely,187,Sales,15,1,Technical Degree,1,380,1,Female,75,3,2,Sales Representative,2,Married,16564,6564,1,Y,No,19,4,3,80,0,17,2,2,13,1,1,1
29,No,Travel_Frequently,1279,Sales,10,5,Marketing,1,381,3,Male,94,2,2,Sales Manager,3,Married,7910,23591,6,Y,Yes,21,4,4,80,2,7,0,1,7,7,7,7
28,Yes,Travel_Frequently,1353,Human Resources,26,1,Technical Degree,1,382,3,Male,62,4,3,Manager,1,Single,4029,5751,3,Y,No,6,3,2,80,1,6,0,3,6,6,6,2
58,No,Non-Travel,1388,Sales,24,3,Technical Degree,1,383,3,Male,42,1,3,Sales Manager,4,Single,2794,8669,2,Y,No,6,3,1,80,1,39,1,3,17,4,1,10
31,Yes,Travel_Rarely,306,Human Resources,21,3,Marketing,1,384,1,Female,45,3,1,Human Resources,2,Divorced,11772,18341,6,Y,No,12,3,3,80,3,9,3,3,9,2,2,9
28,Yes,Travel_Rarely,166,Research & Development,20,5,Human Resources,1,385,1,Female,73,3,5,Healthcare Representative,2,Single,2982,15808,0,Y,Yes,13,3,2,80,2,10,6,3,4,4,4,4
22,No,Non-Travel,1078,Human Resources,9,1,Technical Degree,1,386,2,Male,68,1,5,Human Resources,4,Married,16139,9463,0,Y,No,5,3,1,80,3,1,0,4,1,1,1,1
26,Yes,Travel_Frequently,575,Research & Development,29,4,Human Resources,1,387,1,Female,41,4,4,Research Scientist,1,Divorced,9804,21287,5,Y,Yes,5,3,2,80,0,6,0,1,6,6,6,1
29,Yes,Travel_Frequently,521,Human Resources,13,3,Marketing,1,388,3,Female,93,3,3,Human Resources,3,Single,19814,13696,7,Y,Yes,12,4,2,80,1,12,2,3,4,2,1,4
44,Yes,Travel_Frequently,1431,Research & Development,18,1,Medical,1,389,3,Female,88,1,2,Healthcare Representative,3,Married,16427,5743,3,Y,Yes,5,4,4,80,2,22,6,3,12,3,0,4
57,No,Non-Travel,1209,Sales,13,1,Technical Degree,1,390,2,Female,74,3,1,Sales Representative,1,Married,3025,2851,2,Y,No,24,4,3,80,1,40,6,4,14,9,0,5
21,No,Travel_Rarely,370,Human Resources,19,4,Other,1,391,3,Male,31,2,5,Manager,3,Divorced,9806,11197,9,Y,No,13,3,4,80,3,3,4,1,3,3,3,3
60,Yes,Travel_Rarely,175,Research & Development,28,5,Life Sciences,1,392,1,Female,75,4,5,Research Director,1,Divorced,17284,17735,2,Y,No,25,3,3,80,2,41,0,3,15,1,1,1
35,Yes,Non-Travel,224,Human Resources,4,2,Medical,1,393,2,Female,63,1,2,Human Resources,3,Married,9469,10435,0,Y,No,5,4,1,80,0,14,4,1,14,8,5,1
22,Yes,Travel_Frequently,1435,Sales,14,3,Human Resources,1,394,3,Male,77,2,4,Sales Manager,1,Single,15373,17423,4,Y,Yes,14,3,3,80,0,1,4,2,1,1,1,1
31,No,Travel_Frequently,1276,Human Resources,2,5,Human Resources,1,395,4,Female,100,1,2,Manager,4,Divorced,18498,15699,2,Y,No,22,3,3,80,3,12,1,3,3,2,2,3
39,No,Travel_Rarely,1339,Sales,24,2,Technical Degree,1,396,2,Male,59,2,1,Sales Manager,4,Married,17864,16711,6,Y,No,18,3,2,80,1,19,6,3,3,3,1,3
25,Yes,Non-Travel,306,Research & Development,29,4,Human Resources,1,397,1,Male,46,2,4,Healthcare Representative,2,Married,17396,3116,7,Y,Yes,18,3,4,80,1,3,2,4,3,2,2,3
53,Yes,Travel_Frequently,692,Sales,2,3,Life Sciences,1,398,2,Male,91,1,5,Sales Representative,1,Divorced,16276,24941,1,Y,No,9,3,3,80,0,36,3,4,12,8,6,8
50,No,Travel_Rarely,1163,Sales,11,2,Marketing,1,399,3,Female,65,1,1,Sales Representative,3,Single,16107,20846,6,Y,No,24,4,2,80,3,30,2,1,6,3,0,4
32,No,Non-Travel,499,Research & Development,7,3,Human Resources,1,400,3,Male,30,2,3,Laboratory Technician,4,Married,19626,18002,8,Y,No,5,4,4,80,1,14,6,2,6,1,0,6
25,No,Travel_Frequently,1138,Sales,22,4,Technical Degree,1,401,1,Male,72,3,2,Sales Executive,4,Married,7135,11047,1,Y,Yes,19,3,1,80,2,5,1,3,3,3,1,3
58,No,Travel_Rarely,1157,Sales,5,2,Human Resources,1,402,2,Male,57,4,2,Sales Executive,2,Single,4906,2104,7,Y,No,18,3,1,80,2,37,5,4,16,5,2,4
58,No,Travel_Rarely,705,Human Resources,22,3,Technical Degree,1,403,4,Male,42,4,3,Human Resources,3,Divorced,17760,9173,7,Y,Yes,8,4,2,80,1,39,0,4,13,10,5,9
38,No,Travel_Frequently,1251,Research & Development,8,4,Other,1,404,4,Male,71,4,4,Manufacturing Director,4,Married,3992,10572,0,Y,No,15,4,4,80,3,18,0,3,9,9,3,7
32,No,Travel_Frequently,140,Sales,7,1,Marketing,1,405,1,Female,32,3,2,Sales Representative,1,Divorced,19687,14425,1,Y,Yes,7,4,2,80,1,14,4,3,14,6,2,10
52,No,Non-Travel,1093,Research & Development,18,2,Marketing,1,406,2,Female,35,1,3,Research Director,2,Divorced,15039,7142,3,Y,Yes,14,4,1,80,3,30,5,3,2,1,1,2
42,No,Non-Travel,762,Research & Development,1,3,Life Sciences,1,407,4,Female,84,3,5,Research Scientist,2,Single,12229,18788,8,Y,No,5,4,1,80,3,24,5,3,5,2,2,4
45,Yes,Travel_Rarely,1283,Sales,1,4,Human Resources,1,408,4,Male,33,3,3,Sales Representative,1,Single,9342,15020,7,Y,Yes,12,4,3,80,1,28,1,3,13,6,1,8
28,Yes,Travel_Frequently,791,Research & Development,24,5,Medical,1,409,3,Male,49,1,4,Laboratory Technician,2,Married,12205,3196,9,Y,Yes,15,4,4,80,3,7,2,4,2,2,2,2
48,No,Non-Travel,1114,Research & Development,17,4,Other,1,410,4,Male,51,2,2,Manufacturing Director,4,Single,15899,22518,1,Y,No,21,4,1,80,0,27,0,3,7,7,1,1
35,No,Travel_Frequently,531,Human Resources,22,3,Human Resources,1,411,3,Female,72,1,2,Human Resources,4,Divorced,17167,6434,3,Y,Yes,10,4,2,80,2,17,3,2,12,9,4,8
18,No,Travel_Rarely,1403,Human Resources,4,2,Medical,1,412,3,Female,58,2,5,Human Resources,3,Divorced,13483,13303,0,Y,No,25,3,4,80,3,1,2,3,1,1,1,1
53,No,Travel_Rarely,1361,Research & Development,19,5,Medical,1,413,2,Male,90,2,3,Laboratory Technician,1,Single,11084,8858,1,Y,No,10,3,2,80,1,32,1,2,17,10,6,6
38,No,Travel_Rarely,827,Sales,17,2,Human Resources,1,414,2,Male,69,2,4,Sales Representative,3,Single,17547,19104,1,Y,No,15,3,2,80,2,17,4,4,17,7,6,7
34,No,Travel_Rarely,466,Sales,25,4,Other,1,415,1,Male,31,2,1,Sales Executive,3,Divorced,14261,8417,5,Y,No,19,4,3,80,2,17,2,1,14,4,3,7
18,Yes,Travel_Rarely,1069,Sales,21,3,Other,1,416,2,Female,99,1,1,Sales Representative,2,Single,7694,5404,0,Y,Yes,6,4,2,80,2,1,3,1,1,1,1,1
58,Yes,Travel_Rarely,1460,Sales,27,1,Human Resources,1,417,2,Male,81,2,5,Sales Executive,3,Married,2464,15643,5,Y,Yes,6,3,1,80,0,41,3,2,6,6,5,6
30,No,Travel_Rarely,285,Sales,15,1,Marketing,1,418,2,Female,53,1,3,Sales Manager,1,Single,5809,4831,9,Y,Yes,10,4,2,80,0,13,3,3,3,3,3,2
33,No,Travel_Rarely,485,Human Resources,23,2,Other,1,419,4,Female,64,3,3,Human Resources,3,Divorced,9404,8528,4,Y,No,10,4,1,80,0,12,2,4,9,3,3,7
59,No,Travel_Frequently,285,Human Resources,14,2,Life Sciences,1,420,3,Female,95,4,2,Manager,1,Divorced,10812,8904,5,Y,Yes,13,3,1,80,1,42,3,2,10,4,4,9
38,No,Travel_Frequently,483,Human Resources,12,4,Other,1,421,1,Female,75,2,3,Human Resources,4,Divorced,5283,12036,0,Y,No,10,4,4,80,0,17,5,4,14,8,5,6
33,No,Non-Travel,1314,Sales,30,3,Human Resources,1,422,2,Female,33,3,4,Sales Representative,2,Divorced,15131,7374,3,Y,Yes,21,3,2,80,2,15,6,3,4,4,4,4
37,No,Non-Travel,994,Research & Development,29,4,Technical Degree,1,423,4,Male,41,1,1,Manufacturing Director,2,Married,8662,10019,2,Y,No,9,4,3,80,1,17,3,1,10,2,2,4
48,No,Travel_Rarely,810,Sales,25,2,Life Sciences,1,424,2,Female,92,2,3,Sales Executive,2,Married,4348,23950,5,Y,Yes,23,3,3,80,1,28,2,3,14,10,6,9
43,No,Travel_Rarely,737,Sales,14,2,Medical,1,425,4,Male,79,3,1,Sales Executive,2,Divorced,11337,24127,1,Y,Yes,20,3,2,80,1,23,5,4,13,3,3,3
23,No,Non-Travel,211,Sales,19,1,Other,1,426,3,Female,68,4,2,Sales Executive,4,Divorced,15843,15925,8,Y,Yes,13,3,3,80,2,4,0,3,4,1,1,4
52,No,Non-Travel,181,Research & Development,17,1,Medical,1,427,3,Female,45,1,5,Research Director,3,Divorced,11231,18043,9,Y,No,19,4,4,80,2,35,5,3,15,7,0,8
19,No,Travel_Rarely,609,Sales,21,3,Marketing,1,428,2,Female,52,2,4,Sales Executive,4,Single,14983,4754,0,Y,No,22,3,4,80,2,1,2,3,1,1,0,1
33,Yes,Travel_Rarely,626,Sales,17,1,Marketing,1,429,3,Female,40,3,2,Sales Executive,2,Single,8027,16202,1,Y,No,8,3,1,80,0,13,4,3,10,7,6,1
45,Yes,Non-Travel,1445,Human Resources,22,2,Marketing,1,430,1,Female,46,3,5,Human Resources,2,Divorced,15576,11003,4,Y,No,13,4,2,80,3,25,5,1,1,1,1,1
57,No,Travel_Frequently,1010,Human Resources,13,5,Technical Degree,1,431,4,Female,49,2,5,Manager,3,Divorced,13349,17137,7,Y,Yes,20,3,4,80,2,39,5,1,1,1,1,1
53,Yes,Travel_Rarely,1256,Human Resources,15,2,Other,1,432,2,Female,85,4,3,Manager,4,Single,13522,15611,7,Y,Yes,5,4,2,80,2,31,4,4,5,5,2,5
31,Yes,Travel_Rarely,1460,Research & Development,25,5,Marketing,1,433,4,Male,70,2,4,Laboratory Technician,4,Single,5461,18459,3,Y,No,22,4,4,80,3,12,6,3,12,5,5,6
29,No,Travel_Rarely,383,Sales,19,1,Human Resources,1,434,3,Female,94,1,2,Sales Representative,2,Married,9346,4638,6,Y,Yes,24,4,2,80,0,10,5,4,10,4,0,10
19,Yes,Non-Travel,1282,Research & Development,16,5,Medical,1,435,2,Female,89,2,3,Manufacturing Director,4,Divorced,8783,17046,3,Y,Yes,12,4,1,80,1,1,6,3,1,1,1,1
22,No,Travel_Rarely,222,Human Resources,3,1,Other,1,436,4,Male,67,4,5,Manager,4,Divorced,17755,15054,6,Y,No,6,4,1,80,3,2,1,1,2,2,0,2
55,No,Non-Travel,1106,Sales,26,2,Marketing,1,437,3,Male,61,4,3,Sales Manager,4,Divorced,17015,10519,7,Y,Yes,15,4,3,80,1,34,4,3,9,2,2,2
27,Yes,Travel_Frequently,363,Human Resources,6,2,Marketing,1,438,2,Female,48,3,3,Manager,1,Single,7060,21904,9,Y,Yes,14,4,2,80,2,10,1,3,10,8,7,5
50,No,Travel_Frequently,877,Sales,12,5,Medical,1,439,3,Female,31,2,2,Sales Manager,2,Married,17859,23913,6,Y,Yes,7,4,2,80,2,31,2,2,6,6,6,3
40,Yes,Travel_Rarely,1201,Research & Development,22,5,Other,1,440,3,Female,40,2,2,Healthcare Representative,2,Married,19522,3834,0,Y,No,19,3,2,80,1,21,5,2,4,4,1,4
56,Yes,Travel_Frequently,1199,Human Resources,10,3,Life Sciences,1,441,4,Female,36,2,1,Human Resources,1,Divorced,5220,12448,0,Y,Yes,25,3,4,80,1,35,3,1,8,4,4,8
55,No,Non-Travel,933,Human Resources,24,4,Marketing,1,442,4,Male,64,3,5,Human Resources,3,Divorced,10249,18141,7,Y,Yes,25,3,3,80,3,38,6,3,7,7,7,1
53,No,Travel_Frequently,1007,Research & Development,16,4,Life Sciences,1,443,1,Female,73,2,1,Manufacturing Director,2,Divorced,5098,22902,7,Y,No,22,3,2,80,2,32,4,3,6,2,2,5
51,No,Non-Travel,1070,Research & Development,7,3,Human Resources,1,444,3,Female,83,4,2,Healthcare Representative,3,Single,18923,10827,6,Y,No,12,4,2,80,2,30,2,3,6,6,2,6
38,No,Non-Travel,527,Sales,14,4,Human Resources,1,445,4,Female,62,3,1,Sales Representative,4,Married,8626,11659,5,Y,Yes,16,3,3,80,3,21,6,2,5,5,4,1
46,No,Non-Travel,221,Research & Development,25,1,Medical,1,446,3,Female,42,3,4,Research Director,4,Single,14288,3838,6,Y,Yes,25,4,3,80,3,29,3,1,16,4,4,10
22,Yes,Travel_Frequently,696,Research & Development,3,4,Medical,1,447,4,Female,32,3,3,Healthcare Representative,2,Divorced,19400,6602,7,Y,Yes,7,4,2,80,1,1,3,3,1,1,1,1
39,No,Travel_Frequently,133,Human Resources,14,3,Marketing,1,448,3,Male,85,4,2,Human Resources,3,Divorced,14238,3051,6,Y,Yes,21,4,1,80,0,20,4,1,16,1,0,9
25,Yes,Travel_Frequently,1426,Sales,14,1,Human Resources,1,449,4,Male,73,1,2,Sales Manager,3,Divorced,7953,16878,4,Y,Yes,21,4,1,80,0,6,0,4,6,3,3,2
45,No,Travel_Frequently,522,Human Resources,22,2,Human Resources,1,450,2,Male,69,1,5,Manager,3,Married,6858,7950,3,Y,No,8,3,1,80,3,27,6,3,12,10,2,4
60,Yes,Travel_Rarely,879,Sales,1,3,Medical,1,451,2,Male,36,2,2,Sales Representative,4,Single,8834,16641,2,Y,Yes,19,4,1,80,1,41,1,1,4,4,0,4
31,No,Non-Travel,114,Human Resources,3,5,Marketing,1,452,3,Male,78,3,4,Manager,3,Married,2529,15763,8,Y,No,17,3,1,80,1,11,6,4,11,5,1,8
23,No,Non-Travel,179,Human Resources,6,1,Marketing,1,453,4,Female,37,3,1,Manager,2,Married,17394,21536,9,Y,Yes,11,4,4,80,1,1,1,2,1,1,1,1
60,No,Travel_Rarely,158,Research & Development,21,1,Medical,1,454,4,Male,90,1,2,Manufacturing Director,2,Married,12865,3121,5,Y,No,9,4,2,80,2,40,0,1,20,6,0,1
23,No,Non-Travel,362,Sales,28,1,Technical Degree,1,455,4,Female,71,1,5,Sales Representative,4,Single,10416,23508,9,Y,Yes,22,4,2,80,3,6,1,2,1,1,1,1
27,No,Non-Travel,1158,Research & Development,8,1,Other,1,456,2,Male,64,3,3,Manufacturing Director,1,Divorced,19036,6315,4,Y,Yes,15,4,4,80,0,6,6,1,6,6,6,6
18,No,Travel_Frequently,1028,Research & Development,16,1,Medical,1,457,3,Male,63,3,3,Manufacturing Director,3,Divorced,9039,19887,7,Y,No,19,3,2,80,0,1,2,3,1,1,1,1
47,Yes,Travel_Frequently,1227,Sales,1,3,Human Resources,1,458,4,Male,67,4,3,Sales Executive,1,Divorced,5941,6138,8,Y,Yes,16,4,2,80,3,26,6,4,4,4,4,2
32,Yes,Travel_Frequently,1493,Human Resources,12,3,Human Resources,1,459,4,Male,51,2,5,Human Resources,2,Single,5281,22804,8,Y,No,25,3,3,80,0,11,3,1,11,3,3,3
51,Yes,Travel_Rarely,387,Research & Development,23,4,Marketing,1,460,2,Female,48,4,1,Research Director,4,Married,15447,17759,8,Y,No,10,3,4,80,0,34,1,2,10,4,1,1
35,Yes,Non-Travel,1387,Human Resources,22,1,Other,1,461,4,Male,90,1,2,Human Resources,2,Married,5362,9608,4,Y,Yes,19,4,1,80,3,15,2,3,1,1,1,1
34,No,Non-Travel,985,Human Resources,17,4,Technical Degree,1,462,3,Male,83,3,4,Human Resources,3,Divorced,18204,3856,1,Y,No,25,3,3,80,2,12,5,4,12,10,5,4
23,No,Travel_Frequently,1467,Human Resources,9,4,Medical,1,463,1,Male,78,1,2,Manager,1,Single,19005,3379,1,Y,No,24,3,2,80,3,6,4,3,6,6,6,6
20,Yes,Travel_Frequently,698,Human Resources,30,4,Technical Degree,1,464,3,Female,82,3,4,Human Resources,3,Divorced,5237,2929,0,Y,Yes,19,4,2,80,3,1,3,3,1,1,0,1
58,No,Non-Travel,307,Human Resources,28,2,Human Resources,1,465,2,Female,41,4,4,Manager,4,Single,12021,22953,7,Y,No,17,4,2,80,2,36,6,3,11,6,3,6
46,Yes,Travel_Frequently,506,Research & Development,23,2,Marketing,1,466,2,Female,41,3,2,Research Scientist,3,Single,4488,4966,8,Y,No,24,4,3,80,2,26,1,4,18,9,2,7
36,Yes,Travel_Frequently,1426,Research & Development,9,2,Technical Degree,1,467,1,Male,57,2,5,Laboratory Technician,4,Married,16429,6763,0,Y,Yes,5,4,4,80,1,17,4,4,8,4,3,4
51,No,Travel_Rarely,758,Human Resources,12,5,Technical Degree,1,468,4,Female,61,1,3,Manager,3,Divorced,6407,19638,5,Y,No,23,3,1,80,2,30,5,2,11,9,5,2
59,No,Travel_Rarely,811,Research & Development,19,3,Human Resources,1,469,3,Male,91,1,5,Manufacturing Director,3,Married,3885,6845,6,Y,Yes,7,4,1,80,3,37,3,4,6,1,1,6
31,Yes,Travel_Frequently,833,Human Resources,26,5,Other,1,470,2,Female,45,4,3,Manager,2,Married,3735,4326,8,Y,Yes,24,3,2,80,1,12,6,2,5,5,5,1
49,No,Travel_Rarely,463,Sales,23,1,Life Sciences,1,471,3,Male,85,2,4,Sales Manager,4,Married,13637,10257,7,Y,Yes,20,3,2,80,3,28,2,2,11,3,1,5
24,Yes,Non-Travel,1263,Human Resources,1,5,Life Sciences,1,472,2,Female,77,4,3,Human Resources,2,Single,2906,4273,8,Y,Yes,10,3,3,80,0,2,6,1,1,1,1,1
54,Yes,Travel_Frequently,442,Research & Development,29,2,Human Resources,1,473,4,Male,42,3,1,Manufacturing Director,4,Married,18989,18307,1,Y,Yes,11,3,4,80,0,34,5,1,10,2,2,3
41,No,Travel_Rarely,1168,Sales,26,4,Medical,1,474,3,Male,80,3,3,Sales Executive,2,Single,19430,19903,9,Y,No,25,3,4,80,0,19,2,2,17,2,2,9
42,No,Travel_Frequently,728,Research & Development,13,1,Technical Degree,1,475,1,Male,99,1,5,Research Director,1,Married,4922,7680,4,Y,No,25,4,3,80,3,23,1,4,10,1,0,4
21,No,Non-Travel,523,Research & Development,4,5,Human Resources,1,476,3,Female,31,1,3,Healthcare Representative,1,Divorced,18229,3482,7,Y,No,17,3,2,80,0,1,1,3,1,1,1,1
41,Yes,Travel_Rarely,951,Human Resources,22,2,Medical,1,477,3,Female,82,4,5,Human Resources,1,Single,2335,14357,9,Y,No,13,3,4,80,2,24,5,1,10,4,4,7
32,Yes,Travel_Frequently,683,Research & Development,11,1,Life Sciences,1,478,1,Male,63,2,1,Manufacturing Director,4,Divorced,11386,5555,2,Y,Yes,8,4,2,80,1,15,4,2,9,7,4,9
24,No,Travel_Rarely,530,Research & Development,20,1,Technical Degree,1,479,3,Male,70,2,1,Research Scientist,3,Single,8192,3433,5,Y,Yes,23,3,2,80,1,5,3,3,5,5,0,5
21,Yes,Travel_Frequently,1332,Human Resources,7,2,Marketing,1,480,3,Female,97,2,2,Human Resources,1,Married,10053,11430,5,Y,Yes,22,3,1,80,1,4,3,1,4,1,1,2
28,No,Non-Travel,251,Research & Development,19,1,Medical,1,481,4,Female,32,3,1,Laboratory Technician,4,Married,19877,23261,0,Y,No,20,4,2,80,3,9,4,4,9,2,2,1
58,No,Travel_Rarely,714,Human Resources,21,2,Technical Degree,1,482,4,Female,48,2,2,Manager,2,Married,16147,3394,2,Y,No,19,4,3,80,1,39,3,2,9,3,3,1
47,No,Non-Travel,1450,Sales,24,4,Technical Degree,1,483,3,Female,76,3,3,Sales Representative,2,Married,8376,17183,8,Y,Yes,22,4,4,80,3,26,3,2,8,4,3,8
46,No,Travel_Frequently,1262,Research & Development,13,4,Life Sciences,1,484,2,Female,52,4,3,Laboratory Technician,2,Divorced,14647,10956,8,Y,Yes,23,3,4,80,1,27,3,3,6,6,0,4
26,Yes,Non-Travel,408,Human Resources,1,5,Human Resources,1,485,4,Female,57,3,1,Human Resources,4,Married,8652,12078,0,Y,No,7,4,3,80,0,4,2,2,4,2,2,4
53,No,Non-Travel,1011,Research & Development,18,2,Technical Degree,1,486,4,Male,42,4,5,Healthcare Representative,4,Single,6805,3290,8,Y,No,9,4,2,80,3,36,4,1,16,5,3,2
55,No,Travel_Rarely,1469,Human Resources,3,1,Technical Degree,1,487,3,Male,55,1,3,Manager,4,Married,5636,22782,2,Y,No,15,4,1,80,0,34,1,4,20,5,5,3
30,No,Travel_Frequently,1450,Sales,10,1,Technical Degree,1,488,1,Female,40,2,1,Sales Executive,1,Divorced,17010,12909,4,Y,No,22,3,3,80,1,11,1,4,11,6,0,5
20,Yes,Travel_Frequently,646,Sales,11,4,Marketing,1,489,1,Female,40,1,4,Sales Manager,2,Divorced,11228,16741,2,Y,Yes,7,4,1,80,3,1,0,2,1,1,1,1
27,Yes,Non-Travel,508,Human Resources,19,1,Life Sciences,1,490,4,Male,40,1,3,Human Resources,2,Single,6545,8080,7,Y,Yes,7,3,2,80,0,10,5,1,10,2,1,1
58,Yes,Travel_Rarely,504,Sales,24,2,Other,1,491,1,Male,63,1,2,Sales Manager,2,Married,7762,6715,9,Y,Yes,22,3,2,80,3,36,6,3,15,3,0,2
58,No,Travel_Rarely,430,Human Resources,27,4,Human Resources,1,492,1,Female,38,3,2,Manager,4,Divorced,11222,4019,5,Y,Yes,7,4,1,80,3,41,0,4,8,8,0,5
41,No,Travel_Rarely,187,Sales,16,3,Other,1,493,4,Male,75,3,3,Sales Representative,4,Divorced,7588,15426,4,Y,Yes,19,4,4,80,3,22,1,4,11,9,3,4
42,No,Travel_Rarely,133,Sales,1,2,Marketing,1,494,2,Female,80,3,2,Sales Manager,1,Single,5107,17475,6,Y,No,9,4,4,80,3,25,1,4,6,3,2,4
53,No,Non-Travel,389,Human Resources,16,2,Technical Degree,1,495,4,Female,60,4,4,Manager,1,Single,11480,18998,0,Y,No,20,3,3,80,3,33,2,2,4,2,2,4
45,No,Travel_Rarely,528,Sales,19,2,Human Resources,1,496,3,Male,71,4,3,Sales Representative,3,Divorced,10064,24553,7,Y,No,12,4,3,80,1,23,1,2,1,1,1,1
54,No,Non-Travel,1105,Research & Development,11,5,Human Resources,1,497,4,Male,89,4,4,Laboratory Technician,2,Divorced,19341,21745,8,Y,Yes,13,3,3,80,3,32,2,2,13,3,3,2
32,Yes,Travel_Rarely,705,Sales,16,3,Human Resources,1,498,4,Male,37,2,2,Sales Manager,4,Married,5944,8387,5,Y,Yes,21,4,1,80,2,14,2,3,14,4,3,10
19,No,Travel_Frequently,1033,Sales,13,4,Life Sciences,1,499,2,Male,65,3,2,Sales Representative,2,Divorced,10963,8480,8,Y,Yes,24,4,3,80,3,1,0,1,1,1,1,1
53,No,Travel_Frequently,1258,Human Resources,14,2,Marketing,1,500,1,Female,35,4,5,Manager,1,Married,12617,18767,5,Y,Yes,6,3,2,80,0,34,0,2,6,6,0,5
33,Yes,Travel_Rarely,283,Research & Development,13,3,Marketing,1,501,2,Male,56,3,3,Manufacturing Director,2,Married,19960,16696,8,Y,Yes,10,3,1,80,0,11,0,1,11,7,6,3
20,Yes,Travel_Frequently,1226,Human Resources,22,2,Medical,1,502,2,Male,38,2,3,Manager,4,Single,15596,3314,6,Y,Yes,11,3,1,80,3,1,5,3,1,1,1,1
41,No,Travel_Rarely,785,Human Resources,18,2,Medical,1,503,3,Male,55,1,5,Human Resources,4,Married,10397,12717,5,Y,No,13,4,1,80,2,23,4,4,13,3,3,10
25,No,Travel_Frequently,1260,Research & Development,22,1,Other,1,504,1,Male,62,3,5,Laboratory Technician,2,Married,9530,9104,3,Y,No,21,3,2,80,2,7,1,3,7,6,6,1
42,No,Travel_Frequently,122,Research & Development,28,4,Human Resources,1,505,2,Female,65,4,4,Manufacturing Director,1,Married,3639,2000,3,Y,Yes,14,4,1,80,2,20,1,3,20,2,0,1
41,Yes,Travel_Rarely,129,Research & Development,5,4,Other,1,506,3,Male,44,3,1,Research Director,1,Married,7720,4821,4,Y,Yes,12,4,4,80,0,22,5,1,7,2,0,7
43,No,Non-Travel,647,Sales,19,1,Technical Degree,1,507,4,Female,33,2,4,Sales Representative,1,Single,8642,23995,0,Y,No,13,3,1,80,1,26,4,4,3,3,3,3
21,No,Travel_Rarely,933,Sales,22,1,Human Resources,1,508,3,Female,52,4,4,Sales Representative,3,Married,13363,21012,5,Y,No,17,4,2,80,1,4,5,4,4,4,2,4
45,No,Travel_Frequently,1206,Sales,28,3,Medical,1,509,1,Male,50,4,4,Sales Representative,4,Divorced,13195,20798,2,Y,Yes,9,3,1,80,3,23,4,1,11,9,2,10
34,No,Travel_Rarely,935,Human Resources,24,2,Other,1,510,2,Male,43,2,4,Manager,1,Divorced,13505,9399,5,Y,Yes,25,4,1,80,0,16,1,4,13,9,6,4
37,No,Non-Travel,1026,Human Resources,1,3,Medical,1,511,3,Male,45,1,2,Human Resources,3,Married,10304,15825,4,Y,No,16,4,4,80,0,15,1,3,7,3,1,2
55,No,Travel_Rarely,1104,Research & Development,12,5,Human Resources,1,512,4,Female,33,1,1,Manufacturing Director,3,Divorced,13503,14450,0,Y,Yes,6,4,1,80,3,35,1,1,16,7,1,7
39,No,Non-Travel,241,Sales,20,4,Life Sciences,1,513,1,Male,94,4,5,Sales Representative,3,Divorced,16563,7938,6,Y,No,19,4,1,80,3,17,1,4,1,1,0,1
28,No,Non-Travel,719,Sales,16,5,Marketing,1,514,4,Male,53,2,2,Sales Executive,1,Married,3437,9321,7,Y,Yes,15,4,1,80,0,7,1,2,1,1,1,1
56,Yes,Travel_Frequently,237,Human Resources,18,4,Marketing,1,515,4,Male,38,4,1,Manager,2,Married,15836,4858,1,Y,Yes,13,4,2,80,2,37,0,1,16,1,1,7
29,Yes,Travel_Frequently,401,Human Resources,6,5,Marketing,1,516,1,Male,68,3,4,Manager,1,Married,8633,6365,9,Y,Yes,17,3,1,80,0,10,4,3,4,4,0,4
26,No,Non-Travel,1144,Research & Development,4,4,Medical,1,517,2,Female,48,2,4,Manufacturing Director,4,Single,6160,4228,2,Y,No,20,3,3,80,3,7,6,2,7,7,1,3
45,No,Travel_Frequently,1326,Research & Development,27,4,Life Sciences,1,518,1,Male,96,4,4,Research Director,4,Married,9908,11424,3,Y,Yes,20,3,1,80,3,28,5,1,5,5,5,3
20,Yes,Travel_Frequently,1061,Sales,20,4,Marketing,1,519,3,Female,73,1,3,Sales Manager,3,Married,6497,4981,5,Y,Yes,20,4,3,80,2,1,4,3,1,1,1,1
38,Yes,Travel_Rarely,840,Sales,9,2,Marketing,1,520,2,Male,99,4,3,Sales Executive,1,Divorced,8224,20117,9,Y,No,15,3,3,80,3,19,1,2,7,7,2,5
59,Yes,Travel_Frequently,1227,Sales,11,2,Technical Degree,1,521,4,Female,80,3,3,Sales Manager,4,Married,14339,2107,2,Y,No,7,3,3,80,3,39,1,4,20,2,2,2
45,No,Non-Travel,1223,Sales,6,1,Technical Degree,1,522,2,Female,98,4,3,Sales Representative,1,Divorced,5521,10795,1,Y,No,9,3,1,80,0,25,0,1,2,1,1,2
35,No,Travel_Frequently,884,Research & Development,12,2,Medical,1,523,1,Female,56,2,5,Healthcare Representative,3,Married,7630,19750,3,Y,Yes,24,3,4,80,2,14,0,1,1,1,1,1
32,Yes,Non-Travel,575,Research & Development,8,5,Medical,1,524,2,Male,42,4,3,Laboratory Technician,4,Married,8992,4686,4,Y,No,18,4,4,80,0,13,4,1,13,10,6,8
49,No,Travel_Rarely,524,Research & Development,20,3,Marketing,1,525,2,Female,57,3,5,Manufacturing Director,3,Divorced,15238,12296,3,Y,No,16,4,2,80,3,29,4,4,5,2,2,3
54,No,Travel_Rarely,622,Human Resources,13,1,Technical Degree,1,526,4,Male,74,3,4,Human Resources,2,Divorced,16331,9489,0,Y,Yes,13,4,2,80,2,35,6,2,14,8,6,2
42,Yes,Travel_Rarely,670,Human Resources,3,2,Life Sciences,1,527,1,Female,53,2,1,Human Resources,2,Single,16283,9506,8,Y,Yes,18,4,1,80,0,22,4,1,15,3,3,3
48,Yes,Non-Travel,1192,Research & Development,9,2,Life Sciences,1,528,3,Female,53,2,1,Healthcare Representative,1,Single,7004,10049,2,Y,Yes,5,4,1,80,0,30,1,4,4,4,4,3
27,No,Travel_Rarely,378,Human Resources,6,5,Marketing,1,529,4,Male,30,4,4,Manager,4,Single,14367,11411,1,Y,No,19,4,3,80,1,10,6,4,8,3,0,2
44,Yes,Travel_Rarely,744,Research & Development,4,4,Medical,1,530,2,Male,92,4,1,Laboratory Technician,4,Divorced,2782,8511,9,Y,Yes,5,3,2,80,2,25,3,3,13,7,4,6
32,Yes,Non-Travel,866,Sales,15,4,Technical Degree,1,531,1,Female,36,4,4,Sales Manager,3,Married,11680,13486,2,Y,No,19,4,3,80,2,13,0,4,2,2,2,2
39,No,Non-Travel,784,Research & Development,1,5,Medical,1,532,3,Male,88,3,2,Research Scientist,1,Married,15219,13368,8,Y,No,24,4,1,80,2,18,6,4,17,6,0,8
50,No,Travel_Rarely,1363,Human Resources,22,5,Other,1,533,1,Male,79,1,2,Human Resources,3,Divorced,5053,11036,7,Y,No,17,3,1,80,3,33,1,2,9,3,2,4
44,No,Non-Travel,1477,Sales,28,5,Human Resources,1,534,3,Male,93,3,1,Sales Executive,4,Married,7426,5743,0,Y,No,7,4,3,80,0,24,5,3,16,2,2,8
60,No,Travel_Rarely,403,Research & Development,17,2,Medical,1,535,1,Female,58,2,4,Manufacturing Director,3,Divorced,5489,9174,4,Y,No,12,4,4,80,2,41,3,4,13,1,1,5
33,No,Travel_Rarely,342,Research & Development,27,4,Other,1,536,2,Male,69,4,1,Research Director,4,Divorced,14136,9722,6,Y,Yes,20,4,4,80,3,12,2,2,12,8,0,6
28,No,Non-Travel,205,Human Resources,3,5,Marketing,1,537,3,Female,30,2,1,Manager,3,Single,6977,17440,0,Y,Yes,10,3,3,80,0,7,0,1,7,7,7,2
39,Yes,Non-Travel,246,Research & Development,29,5,Life Sciences,1,538,2,Male,66,3,1,Healthcare Representative,1,Single,19238,6542,6,Y,No,7,4,4,80,1,20,5,2,4,4,4,4
39,No,Travel_Frequently,1044,Sales,23,4,Technical Degree,1,539,1,Male,49,1,3,Sales Manager,2,Divorced,9886,7086,6,Y,Yes,6,3,1,80,2,20,1,4,8,5,5,4
36,No,Non-Travel,845,Research & Development,30,3,Human Resources,1,540,1,Female,50,1,4,Manufacturing Director,1,Divorced,3108,14805,8,Y,No,11,4,3,80,3,19,1,4,19,5,3,8
43,No,Non-Travel,186,Human Resources,28,2,Marketing,1,541,2,Female,47,3,3,Manager,2,Married,6855,9865,2,Y,Yes,21,4,4,80,1,23,6,1,14,2,2,6
39,No,Non-Travel,1031,Sales,11,1,Life Sciences,1,542,3,Female,100,1,2,Sales Manager,3,Married,3291,11509,8,Y,Yes,22,4,1,80,1,19,4,4,17,7,3,7
44,No,Travel_Rarely,1186,Sales,10,5,Medical,1,543,4,Female,59,2,2,Sales Manager,1,Divorced,2140,3328,0,Y,No,12,4,4,80,3,23,0,1,19,5,5,5
52,Yes,Travel_Rarely,1248,Human Resources,19,5,Other,1,544,4,Female,72,1,5,Manager,1,Single,14747,7807,3,Y,Yes,22,3,3,80,0,34,3,2,18,5,1,4
34,Yes,Non-Travel,1408,Sales,24,3,Other,1,545,2,Male,38,1,2,Sales Representative,1,Divorced,19979,4497,2,Y,No,9,3,3,80,3,14,0,2,4,4,4,4
50,No,Non-Travel,229,Human Resources,12,1,Technical Degree,1,546,4,Female,50,2,1,Manager,3,Divorced,4831,6777,2,Y,No,15,3,1,80,2,31,6,3,7,7,4,1
45,No,Travel_Frequently,1415,Research & Development,24,4,Medical,1,547,2,Male,77,4,5,Laboratory Technician,1,Divorced,12558,8524,1,Y,No,6,3,3,80,3,28,5,1,8,8,7,7
44,No,Travel_Frequently,1406,Research & Development,5,4,Life Sciences,1,548,1,Male,70,3,5,Research Scientist,1,Married,3064,10062,7,Y,Yes,14,4,1,80,0,25,5,3,18,9,5,2
42,Yes,Travel_Rarely,290,Research & Development,10,3,Technical Degree,1,549,1,Male,47,3,3,Healthcare Representative,1,Married,8054,19201,4,Y,Yes,24,3,3,80,0,23,2,3,1,1,1,1
31,Yes,Travel_Frequently,183,Sales,18,1,Marketing,1,550,1,Male,69,3,5,Sales Manager,2,Single,15226,15768,9,Y,Yes,7,4,1,80,0,14,4,1,14,5,4,2
48,No,Travel_Frequently,1391,Human Resources,18,3,Technical Degree,1,551,2,Male,32,2,3,Human Resources,4,Married,5403,17411,3,Y,Yes,11,3,1,80,1,26,4,3,11,3,2,10
33,No,Travel_Rarely,1362,Human Resources,5,2,Human Resources,1,552,1,Male,45,1,2,Manager,4,Married,10160,15769,6,Y,Yes,13,4,2,80,2,15,5,3,14,10,4,5
59,Yes,Travel_Frequently,1276,Human Resources,2,2,Medical,1,553,4,Male,30,1,2,Human Resources,1,Divorced,5690,23359,1,Y,Yes,11,3,3,80,1,42,3,2,13,3,3,5
59,Yes,Travel_Rarely,1463,Sales,22,3,Technical Degree,1,554,1,Male,61,4,5,Sales Manager,3,Married,8160,18053,3,Y,Yes,20,4,1,80,2,42,3,4,5,4,4,5
21,Yes,Travel_Rarely,812,Sales,9,3,Medical,1,555,3,Female,68,2,3,Sales Executive,4,Divorced,16890,23110,2,Y,No,12,4,4,80,1,2,1,3,1,1,1,1
26,No,Non-Travel,926,Research & Development,9,4,Technical Degree,1,556,3,Male,32,2,5,Healthcare Representative,3,Single,12165,4063,5,Y,No,23,3,2,80,1,8,5,2,8,2,2,8
18,No,Non-Travel,1300,Human Resources,16,3,Other,1,557,4,Male,55,1,5,Manager,4,Single,10910,22606,3,Y,Yes,17,4,2,80,2,1,2,2,1,1,1,1
40,Yes,Travel_Frequently,1056,Sales,3,5,Marketing,1,558,2,Female,82,4,4,Sales Executive,2,Single,8716,19530,1,Y,Yes,7,3,2,80,0,22,2,2,5,4,4,1
18,Yes,Travel_Rarely,1388,Human Resources,30,3,Other,1,559,1,Female,60,2,2,Manager,4,Single,19592,3447,3,Y,Yes,20,4,2,80,0,1,2,4,1,1,1,1
55,No,Travel_Rarely,452,Sales,18,3,Life Sciences,1,560,2,Male,50,2,3,Sales Manager,2,Divorced,8309,9674,2,Y,Yes,6,3,2,80,2,33,3,3,4,4,0,4
32,Yes,Travel_Frequently,450,Human Resources,14,1,Other,1,561,1,Male,77,4,3,Human Resources,1,Single,2249,3151,2,Y,Yes,22,3,2,80,2,15,0,2,3,3,3,3
45,No,Travel_Frequently,671,Human Resources,18,2,Marketing,1,562,2,Male,70,1,4,Manager,4,Divorced,16584,10527,9,Y,No,24,3,3,80,1,24,6,4,15,7,2,10
55,No,Travel_Rarely,358,Research & Development,30,2,Life Sciences,1,563,1,Male,60,2,1,Healthcare Representative,3,Divorced,9595,3663,9,Y,No,21,3,1,80,3,38,2,3,5,1,1,5
29,No,Travel_Frequently,1495,Research & Development,15,4,Medical,1,564,1,Male,65,1,1,Laboratory Technician,1,Married,7394,13065,1,Y,Yes,5,3,1,80,1,10,2,1,10,2,2,8
58,Yes,Non-Travel,1132,Research & Development,26,2,Technical Degree,1,565,2,Male,67,1,5,Manufacturing Director,4,Single,5773,11572,9,Y,Yes,13,3,3,80,2,36,4,4,5,5,5,5
36,No,Non-Travel,1403,Research & Development,2,4,Technical Degree,1,566,4,Male,73,2,4,Healthcare Representative,4,Married,13316,4906,9,Y,Yes,16,4,1,80,3,14,3,2,1,1,1,1
50,No,Travel_Frequently,592,Research & Development,13,3,Other,1,567,1,Male,82,3,3,Research Director,2,Married,8813,21729,0,Y,No,24,4,2,80,1,32,0,1,2,2,0,2
25,Yes,Travel_Frequently,1182,Human Resources,6,5,Life Sciences,1,568,1,Female,38,2,3,Human Resources,2,Married,8150,15097,8,Y,Yes,13,3,4,80,2,6,5,3,6,4,3,6
59,No,Travel_Rarely,1046,Research & Development,24,3,Medical,1,569,3,Female,35,2,4,Laboratory Technician,3,Married,4692,14785,8,Y,No,14,4,3,80,1,40,1,1,7,2,2,5
41,Yes,Travel_Rarely,854,Research & Development,10,2,Marketing,1,570,3,Female,60,3,1,Research Scientist,2,Divorced,5570,20221,6,Y,No,21,3,4,80,3,21,5,1,10,9,0,4
58,Yes,Travel_Frequently,284,Research & Development,9,2,Medical,1,571,1,Male,42,1,3,Laboratory Technician,2,Married,5348,21656,9,Y,Yes,19,4,2,80,1,38,5,1,4,4,3,3
26,Yes,Non-Travel,1125,Research & Development,30,3,Medical,1,572,2,Female,82,1,1,Manufacturing Director,2,Divorced,17129,20105,9,Y,Yes,21,3,1,80,0,8,4,1,8,6,6,2
44,No,Travel_Rarely,1371,Human Resources,16,2,Human Resources,1,573,1,Male,57,2,2,Human Resources,1,Divorced,2100,14837,7,Y,Yes,16,4,3,80,3,24,6,1,10,10,1,7
58,Yes,Travel_Rarely,541,Research & Development,27,5,Marketing,1,574,3,Female,94,4,4,Laboratory Technician,3,Single,7166,6845,0,Y,Yes,7,3,3,80,3,40,0,4,5,5,3,3
20,Yes,Travel_Frequently,1163,Sales,1,5,Human Resources,1,575,1,Female,42,1,1,Sales Manager,2,Single,3519,5817,5,Y,No,9,4,1,80,2,1,2,2,1,1,1,1
56,No,Travel_Frequently,980,Human Resources,7,4,Medical,1,576,4,Male,95,1,1,Manager,4,Single,3705,20031,1,Y,Yes,10,4,4,80,2,35,4,2,7,5,5,6
34,No,Travel_Frequently,379,Research & Development,15,1,Life Sciences,1,577,1,Female,82,3,5,Research Director,1,Divorced,19321,3511,3,Y,Yes,11,3,1,80,0,14,3,3,10,4,4,9
21,Yes,Non-Travel,1378,Research & Development,23,5,Other,1,578,3,Female,78,1,3,Research Director,2,Divorced,15786,23521,7,Y,Yes,14,4,3,80,1,1,5,4,1,1,1,1
54,No,Non-Travel,927,Sales,29,1,Human Resources,1,579,2,Male,37,4,5,Sales Manager,4,Married,16086,15363,3,Y,No,24,3,1,80,1,32,6,4,6,4,4,3
19,No,Travel_Rarely,683,Human Resources,22,2,Marketing,1,580,4,Female,30,2,5,Human Resources,3,Single,2573,13294,9,Y,No,18,3,1,80,1,1,3,2,1,1,1,1
27,Yes,Travel_Rarely,1476,Human Resources,14,3,Life Sciences,1,581,1,Female,48,3,5,Manager,3,Divorced,5219,8235,1,Y,Yes,21,4,2,80,3,6,3,3,1,1,1,1
37,No,Non-Travel,339,Research & Development,22,1,Life Sciences,1,582,2,Female,79,1,2,Manufacturing Director,3,Divorced,3807,18511,8,Y,No,11,3,1,80,0,18,0,1,18,7,6,2
57,No,Travel_Rarely,203,Human Resources,14,3,Other,1,583,1,Female,77,3,3,Human Resources,4,Single,6707,9225,2,Y,No,25,4,4,80,0,40,4,4,17,4,4,7
21,Yes,Travel_Rarely,1257,Human Resources,1,4,Technical Degree,1,584,1,Female,38,3,5,Human Resources,2,Single,7274,10635,8,Y,Yes,5,4,2,80,1,1,3,2,1,1,1,1
26,No,Travel_Frequently,1334,Sales,30,2,Medical,1,585,4,Female,50,2,1,Sales Representative,2,Married,4575,2015,1,Y,No,17,3,3,80,3,7,3,2,1,1,1,1
40,No,Travel_Rarely,910,Sales,9,2,Medical,1,586,3,Female,67,4,5,Sales Executive,3,Single,6615,18720,9,Y,Yes,6,3,1,80,2,18,3,2,6,6,5,1
24,No,Non-Travel,634,Research & Development,3,5,Life Sciences,1,587,4,Female,96,4,4,Manufacturing Director,2,Married,8336,15758,0,Y,Yes,10,4,4,80,1,3,6,2,3,3,2,2
50,Yes,Travel_Frequently,1028,Research & Development,1,3,Technical Degree,1,588,2,Male,91,4,2,Research Director,4,Divorced,5899,24941,7,Y,Yes,6,4,2,80,3,33,2,1,19,9,6,7
27,No,Non-Travel,929,Research & Development,13,2,Medical,1,589,2,Male,49,1,3,Research Director,3,Divorced,10680,4387,5,Y,Yes,21,3,4,80,1,5,6,4,5,5,5,2
52,No,Non-Travel,1325,Human Resources,5,4,Human Resources,1,590,3,Female,62,3,5,Manager,1,Single,16193,18625,0,Y,No,14,3,1,80,0,32,2,3,2,2,2,2
50,No,Travel_Rarely,662,Sales,13,4,Life Sciences,1,591,4,Female,78,4,2,Sales Executive,4,Single,16811,4555,7,Y,No,24,3,4,80,3,29,6,2,18,3,0,10
27,No,Travel_Frequently,161,Research & Development,17,5,Human Resources,1,592,1,Male,76,4,1,Manufacturing Director,1,Married,10825,14784,0,Y,Yes,17,4,1,80,2,8,2,2,6,4,4,1
39,No,Non-Travel,1279,Human Resources,5,3,Medical,1,593,3,Female,64,1,4,Manager,4,Married,19455,14824,5,Y,No,12,3,2,80,3,21,0,3,10,3,3,3
39,Yes,Travel_Frequently,1133,Research & Development,8,3,Technical Degree,1,594,1,Female,43,3,2,Healthcare Representative,4,Single,9325,20347,3,Y,No,17,4,3,80,3,19,6,4,17,10,5,2
38,Yes,Travel_Frequently,1326,Research & Development,20,3,Marketing,1,595,2,Female,91,3,2,Research Scientist,3,Divorced,17768,7400,1,Y,No,6,3,1,80,2,21,6,1,17,10,1,2
37,Yes,Non-Travel,299,Research & Development,7,3,Technical Degree,1,596,1,Male,60,1,3,Research Director,3,Married,19187,15967,2,Y,Yes,19,4,2,80,1,17,2,1,17,4,4,8
40,No,Travel_Frequently,365,Human Resources,2,4,Human Resources,1,597,2,Male,60,4,5,Human Resources,2,Married,13828,18851,9,Y,Yes,21,4,3,80,3,23,3,4,5,5,0,5
55,Yes,Travel_Rarely,844,Sales,23,5,Technical Degree,1,598,3,Female,70,2,2,Sales Representative,1,Married,15826,22108,5,Y,Yes,14,3,1,80,1,37,2,4,11,5,5,10
18,No,Non-Travel,111,Sales,8,2,Marketing,1,599,4,Male,71,2,2,Sales Manager,2,Single,8827,13138,2,Y,No,20,3,1,80,1,1,2,3,1,1,1,1
51,No,Travel_Frequently,113,Human Resources,30,5,Human Resources,1,600,3,Female,46,3,2,Manager,2,Married,6905,14002,3,Y,Yes,21,3,1,80,3,32,6,2,15,8,4,7
24,Yes,Travel_Frequently,601,Research & Development,10,1,Medical,1,601,4,Male,83,2,2,Healthcare Representative,3,Single,19025,10598,9,Y,No,20,3,1,80,0,2,6,2,2,2,0,2
23,No,Travel_Frequently,1269,Sales,12,2,Marketing,1,602,4,Female,34,4,3,Sales Representative,2,Single,7071,12663,8,Y,Yes,9,3,1,80,2,6,0,4,6,6,2,6
25,No,Travel_Frequently,453,Human Resources,24,1,Technical Degree,1,603,2,Female,49,4,2,Human Resources,1,Single,7956,20895,3,Y,Yes,23,3,4,80,3,7,5,3,7,3,0,6
33,Yes,Travel_Rarely,548,Human Resources,18,2,Marketing,1,604,3,Male,50,1,2,Manager,3,Single,18157,14880,4,Y,Yes,14,3,3,80,1,13,4,4,13,2,2,8
46,Yes,Non-Travel,1104,Research & Development,11,2,Human Resources,1,605,2,Female,71,2,1,Manufacturing Director,1,Single,9020,6531,3,Y,No,23,3,1,80,1,29,6,2,20,8,7,2
21,No,Travel_Frequently,831,Sales,17,1,Life Sciences,1,606,1,Male,53,1,4,Sales Manager,2,Single,18853,9759,8,Y,Yes,25,4,1,80,3,3,2,3,3,3,3,3
59,No,Non-Travel,1459,Research & Development,7,5,Marketing,1,607,3,Male,33,4,1,Manufacturing Director,2,Divorced,13411,5030,9,Y,No,14,3,1,80,2,37,0,2,1,1,1,1
23,Yes,Travel_Rarely,1042,Research & Development,2,5,Technical Degree,1,608,1,Male,82,1,1,Healthcare Representative,1,Divorced,5869,17288,2,Y,Yes,9,3,1,80,1,6,3,4,5,2,2,3
29,Yes,Travel_Frequently,1271,Research & Development,24,5,Other,1,609,1,Male,54,2,2,Manufacturing Director,2,Single,11621,16137,8,Y,Yes,17,4,4,80,2,10,6,3,8,4,3,1
36,No,Travel_Rarely,869,Research & Development,28,1,Marketing,1,610,3,Male,46,3,4,Healthcare Representative,4,Single,11395,2560,0,Y,Yes,23,3,1,80,1,18,6,1,11,3,2,10
54,No,Non-Travel,893,Research & Development,5,5,Technical Degree,1,611,1,Female,69,3,2,Research Scientist,2,Single,14015,6270,4,Y,Yes,11,3,1,80,3,33,3,2,14,6,5,9
41,Yes,Travel_Frequently,944,Sales,20,2,Human Resources,1,612,3,Male,59,1,1,Sales Representative,3,Married,2733,6259,0,Y,Yes,9,4,3,80,1,22,6,2,3,3,3,3
36,No,Travel_Rarely,1308,Research & Development,19,1,Life Sciences,1,613,2,Male,74,2,3,Healthcare Representative,3,Single,16510,14188,7,Y,No,14,4,4,80,3,16,1,1,14,5,1,6
18,No,Non-Travel,284,Research & Development,1,5,Life Sciences,1,614,1,Male,92,1,1,Healthcare Representative,3,Single,11049,7304,6,Y,Yes,18,3,4,80,0,1,1,1,1,1,1,1
24,Yes,Travel_Rarely,197,Research & Development,15,1,Technical Degree,1,615,3,Female,66,4,5,Laboratory Technician,2,Divorced,4611,13833,1,Y,Yes,21,4,4,80,0,3,0,2,2,2,2,2
54,Yes,Travel_Frequently,783,Human Resources,14,3,Human Resources,1,616,4,Female,55,2,4,Manager,3,Single,2179,23988,9,Y,Yes,11,4,4,80,3,34,3,4,16,1,1,2
55,No,Non-Travel,238,Human Resources,9,2,Medical,1,617,1,Male,44,4,1,Manager,3,Divorced,2817,3657,6,Y,No,19,4,1,80,0,36,5,1,14,2,2,6
52,No,Travel_Rarely,177,Human Resources,8,5,Other,1,618,4,Male,68,4,5,Manager,2,Divorced,18444,23187,1,Y,No,24,4,1,80,0,32,3,2,6,1,1,6
44,Yes,Non-Travel,608,Sales,5,5,Other,1,619,2,Female,59,2,4,Sales Executive,3,Divorced,10721,7708,3,Y,Yes,15,4,1,80,3,25,6,4,10,1,1,8
34,No,Travel_Frequently,1391,Research & Development,28,2,Life Sciences,1,620,3,Male,63,2,1,Manufacturing Director,4,Married,2898,5115,2,Y,No,22,3,2,80,3,12,0,1,3,3,0,3
52,Yes,Travel_Rarely,577,Research & Development,18,5,Life Sciences,1,621,2,Female,86,1,4,Healthcare Representative,1,Divorced,18814,18608,2,Y,Yes,16,4,1,80,2,31,4,3,4,4,4,4
38,No,Travel_Rarely,438,Research & Development,20,1,Medical,1,622,4,Female,84,4,5,Manufacturing Director,4,Divorced,10860,20339,6,Y,No,21,3,1,80,0,16,0,3,3,3,3,3
25,No,Travel_Rarely,782,Research & Development,29,5,Technical Degree,1,623,2,Female,78,4,4,Research Director,3,Single,9344,13601,8,Y,No,8,4,1,80,0,8,5,4,8,3,3,5
42,Yes,Travel_Rarely,1248,Sales,15,2,Other,1,624,3,Female,73,2,4,Sales Manager,2,Divorced,7011,5349,8,Y,Yes,17,3,4,80,0,22,4,3,5,2,2,1
54,No,Travel_Rarely,970,Human Resources,5,5,Technical Degree,1,625,1,Male,32,3,5,Human Resources,2,Married,4233,22422,4,Y,Yes,7,3,1,80,0,35,2,2,16,3,3,10
31,No,Travel_Rarely,144,Sales,6,2,Medical,1,626,2,Female,51,4,4,Sales Manager,3,Single,12893,13806,3,Y,No,13,4,1,80,0,9,3,1,9,6,1,7
30,No,Travel_Frequently,105,Sales,16,1,Human Resources,1,627,3,Female,81,1,1,Sales Representative,1,Married,19728,17129,1,Y,Yes,22,3,4,80,3,12,3,3,5,5,0,5
38,No,Travel_Frequently,880,Human Resources,19,4,Marketing,1,628,3,Male,69,3,5,Manager,3,Married,18604,24566,6,Y,Yes,7,4,1,80,1,21,0,1,20,9,7,5
29,No,Non-Travel,1237,Research & Development,3,4,Marketing,1,629,4,Male,80,2,1,Manufacturing Director,2,Divorced,19623,8787,7,Y,No,18,4,1,80,2,7,2,3,7,1,1,7
42,Yes,Travel_Frequently,1240,Human Resources,19,1,Life Sciences,1,630,3,Female,85,1,2,Manager,4,Single,10977,16134,4,Y,No,20,4,3,80,2,21,0,2,2,2,2,2
41,No,Travel_Rarely,856,Research & Development,8,3,Human Resources,1,631,4,Female,63,2,4,Healthcare Representative,3,Married,9946,15252,3,Y,No,17,3,3,80,2,23,0,1,20,1,1,3
56,Yes,Non-Travel,736,Human Resources,6,1,Life Sciences,1,632,1,Female,81,4,2,Manager,1,Single,17530,6401,2,Y,Yes,15,3,1,80,1,36,2,2,6,6,6,6
50,No,Non-Travel,501,Sales,16,5,Other,1,633,1,Female,40,4,1,Sales Executive,3,Divorced,6189,7665,9,Y,No,23,4,4,80,0,32,5,2,13,8,7,9
28,Yes,Travel_Frequently,1305,Research & Development,9,2,Other,1,634,2,Female,79,3,1,Laboratory Technician,3,Single,13328,19442,3,Y,Yes,6,4,3,80,1,11,2,2,11,6,3,7
53,No,Travel_Frequently,503,Sales,14,3,Marketing,1,635,4,Male,39,2,1,Sales Representative,3,Divorced,6772,5650,4,Y,No,9,3,4,80,0,33,3,1,12,5,5,6
43,No,Non-Travel,125,Human Resources,7,3,Other,1,636,1,Male,99,2,4,Human Resources,3,Single,13587,3991,8,Y,No,7,4,3,80,1,25,0,2,13,3,1,8
32,No,Travel_Rarely,911,Research & Development,28,5,Human Resources,1,637,4,Female,86,1,5,Research Director,3,Divorced,4265,17537,3,Y,No,21,4,2,80,1,12,2,3,1,1,1,1
41,No,Travel_Frequently,131,Human Resources,3,4,Life Sciences,1,638,4,Female,71,2,5,Human Resources,3,Married,5511,9894,7,Y,Yes,25,3,4,80,2,23,4,4,20,4,4,9
56,Yes,Travel_Rarely,283,Human Resources,27,3,Technical Degree,1,639,2,Male,99,3,4,Human Resources,2,Married,3193,14495,7,Y,Yes,13,3,2,80,0,39,1,4,5,5,5,4
24,Yes,Non-Travel,348,Research & Development,17,5,Technical Degree,1,640,2,Male,35,2,2,Manufacturing Director,1,Single,6774,5832,8,Y,No,5,3,1,80,1,2,5,1,2,2,2,2
42,Yes,Non-Travel,226,Human Resources,18,1,Human Resources,1,641,1,Male,60,2,4,Manager,1,Single,11462,20121,1,Y,Yes,14,4,4,80,0,22,3,3,7,6,6,2
37,Yes,Travel_Frequently,774,Research & Development,25,3,Other,1,642,1,Female,78,1,1,Research Scientist,4,Divorced,11140,16337,0,Y,No,7,4,4,80,1,18,3,4,13,3,0,6
18,Yes,Non-Travel,1366,Human Resources,26,3,Life Sciences,1,643,2,Female,90,3,2,Human Resources,4,Married,10810,3374,7,Y,Yes,21,3,4,80,2,1,2,2,1,1,1,1
54,No,Travel_Frequently,1496,Sales,14,4,Human Resources,1,644,3,Female,92,1,5,Sales Executive,4,Single,19338,22131,8,Y,Yes,7,4,2,80,1,36,3,3,17,10,1,8
42,No,Travel_Rarely,719,Research & Development,29,5,Medical,1,645,1,Male,40,2,1,Research Scientist,4,Divorced,2481,20130,5,Y,No,5,4,3,80,1,23,4,3,17,10,2,7
25,Yes,Travel_Rarely,1346,Human Resources,13,4,Marketing,1,646,2,Female,81,2,2,Human Resources,2,Married,5011,6514,9,Y,Yes,18,4,4,80,3,4,4,3,3,2,2,3
34,No,Travel_Rarely,358,Human Resources,27,2,Life Sciences,1,647,1,Female,76,1,3,Manager,4,Married,6637,18283,0,Y,No,5,3,2,80,2,14,3,3,14,9,2,1
47,No,Travel_Frequently,1165,Sales,20,2,Marketing,1,648,2,Male,96,4,5,Sales Executive,1,Single,17908,7988,5,Y,No,10,4,2,80,1,30,0,4,9,1,0,2
52,Yes,Non-Travel,1445,Research & Development,4,4,Life Sciences,1,649,1,Female,41,1,5,Research Director,3,Single,5578,12321,9,Y,Yes,10,4,2,80,0,32,0,4,1,1,1,1
20,Yes,Travel_Rarely,1422,Sales,9,4,Human Resources,1,650,2,Female,48,4,1,Sales Manager,4,Single,9438,20595,1,Y,No,21,4,3,80,0,2,4,2,2,2,2,2
48,No,Travel_Rarely,192,Human Resources,26,1,Human Resources,1,651,2,Male,49,2,4,Human Resources,1,Married,12888,13527,8,Y,No,22,4,4,80,1,26,1,3,7,2,0,5
51,No,Travel_Frequently,548,Human Resources,14,2,Technical Degree,1,652,2,Male,62,3,4,Human Resources,3,Married,19955,11816,0,Y,No,22,3,2,80,2,34,6,4,14,8,3,10
26,No,Travel_Rarely,426,Sales,12,3,Life Sciences,1,653,3,Male,56,1,3,Sales Representative,3,Married,15011,20499,7,Y,No,10,3,1,80,0,8,3,1,8,6,1,6
60,No,Non-Travel,462,Research & Development,20,1,Life Sciences,1,654,2,Male,51,3,5,Manufacturing Director,3,Single,3768,22769,0,Y,Yes,5,4,3,80,3,39,5,1,11,5,5,7
23,Yes,Non-Travel,539,Human Resources,28,4,Marketing,1,655,3,Male,53,4,1,Manager,1,Single,13051,13371,6,Y,No,25,4,4,80,0,6,0,3,2,2,2,2
46,Yes,Travel_Frequently,1487,Human Resources,1,4,Human Resources,1,656,1,Male,57,1,3,Human Resources,3,Single,11432,11963,3,Y,Yes,5,3,3,80,2,29,0,2,3,1,0,3
50,No,Non-Travel,865,Sales,21,1,Human Resources,1,657,1,Female,73,4,5,Sales Manager,1,Single,9983,6800,5,Y,Yes,6,4,1,80,0,32,3,4,20,3,3,6
43,No,Travel_Rarely,1267,Human Resources,2,1,Life Sciences,1,658,1,Female,66,2,4,Manager,1,Divorced,8351,12051,3,Y,No,23,4,4,80,3,24,3,4,17,5,2,4
28,No,Travel_Rarely,316,Research & Development,7,1,Medical,1,659,2,Female,88,1,1,Research Director,2,Married,11367,19604,6,Y,No,13,3,2,80,0,8,2,2,8,3,3,3
22,No,Non-Travel,410,Research & Development,1,1,Human Resources,1,660,2,Male,44,4,1,Manufacturing Director,2,Divorced,2456,4896,8,Y,No,17,4,1,80,2,4,5,3,4,4,4,4
47,Yes,Non-Travel,195,Sales,6,5,Human Resources,1,661,2,Female,59,1,5,Sales Representative,4,Divorced,14951,9873,9,Y,Yes,18,3,3,80,1,30,4,3,19,7,4,3
47,No,Travel_Rarely,444,Research & Development,27,5,Medical,1,662,3,Female,42,1,1,Manufacturing Director,1,Single,16137,23202,2,Y,No,24,3,4,80,0,26,5,1,18,1,1,4
45,No,Travel_Frequently,292,Research & Development,18,5,Technical Degree,1,663,3,Male,78,1,3,Healthcare Representative,2,Single,7487,20219,1,Y,No,21,3,4,80,2,28,0,2,19,6,6,8
27,Yes,Travel_Frequently,1228,Sales,5,5,Marketing,1,664,2,Female,57,2,1,Sales Representative,2,Single,7820,22153,2,Y,No,14,3,1,80,0,10,0,3,10,3,0,1
35,No,Travel_Rarely,173,Human Resources,19,2,Other,1,665,2,Male,56,2,1,Human Resources,2,Divorced,6180,3661,9,Y,Yes,13,3,4,80,3,18,2,4,7,1,1,1
24,No,Travel_Rarely,805,Research & Development,29,2,Life Sciences,1,666,4,Male,59,3,1,Healthcare Representative,1,Married,3882,16416,0,Y,Yes,19,4,2,80,3,5,6,2,5,5,3,1
59,No,Travel_Rarely,639,Human Resources,28,1,Technical Degree,1,667,4,Male,61,4,4,Human Resources,2,Divorced,2955,19734,9,Y,Yes,13,3,2,80,2,37,6,1,6,6,3,2
44,No,Travel_Rarely,272,Sales,27,5,Life Sciences,1,668,3,Female,95,1,5,Sales Representative,3,Single,7012,14901,6,Y,Yes,16,4,3,80,2,25,5,3,2,2,2,2
45,No,Travel_Rarely,365,Research & Development,1,3,Human Resources,1,669,1,Female,51,1,5,Laboratory Technician,3,Single,8218,14626,4,Y,No,9,4,2,80,3,28,1,3,20,7,2,8
39,No,Travel_Frequently,273,Human Resources,22,2,Life Sciences,1,670,2,Female,78,3,5,Human Resources,2,Married,12195,10639,9,Y,No,12,3,3,80,3,17,1,4,17,7,2,4
41,No,Non-Travel,646,Research & Development,23,2,Marketing,1,671,3,Male,77,4,2,Research Scientist,4,Single,14250,17299,5,Y,No,17,4,4,80,0,24,5,3,17,8,6,1
41,Yes,Travel_Frequently,261,Sales,20,3,Human Resources,1,672,1,Male,52,1,4,Sales Representative,3,Married,6144,13247,8,Y,No,14,4,3,80,3,22,6,1,3,3,3,3
43,No,Non-Travel,1305,Sales,4,3,Human Resources,1,673,3,Male,45,1,3,Sales Representative,1,Married,14056,10706,3,Y,Yes,10,4,3,80,3,21,1,2,15,5,2,4
25,Yes,Non-Travel,1115,Human Resources,22,3,Medical,1,674,1,Female,97,1,4,Human Resources,3,Married,5997,13674,7,Y,No,10,3,4,80,3,4,4,1,4,1,0,4
31,No,Travel_Rarely,1183,Research & Development,9,3,Other,1,675,4,Female,82,4,5,Manufacturing Director,4,Divorced,2829,13188,7,Y,No,9,3,2,80,3,9,3,4,4,4,3,3
30,Yes,Travel_Rarely,174,Research & Development,30,1,Marketing,1,676,1,Female,33,2,3,Research Scientist,3,Single,3495,6980,8,Y,Yes,20,3,2,80,1,8,3,3,1,1,1,1
19,No,Travel_Rarely,818,Research & Development,6,5,Other,1,677,2,Female,49,1,4,Laboratory Technician,4,Single,13333,18977,0,Y,No,17,3,2,80,0,1,1,3,1,1,1,1
40,No,Travel_Frequently,825,Research & Development,20,2,Medical,1,678,1,Male,58,4,2,Manufacturing Director,3,Single,9276,6233,9,Y,Yes,12,4,1,80,1,19,3,4,1,1,1,1
53,No,Travel_Frequently,355,Sales,26,5,Medical,1,679,2,Female,49,2,4,Sales Manager,1,Single,18101,14990,2,Y,No,8,4,4,80,0,32,5,4,13,1,1,1
34,No,Non-Travel,619,Sales,7,2,Marketing,1,680,2,Female,49,2,2,Sales Representative,3,Married,11569,13341,2,Y,Yes,22,3,4,80,1,13,3,1,6,6,0,2
57,Yes,Non-Travel,314,Research & Development,3,3,Other,1,681,3,Female,60,2,2,Manufacturing Director,1,Single,11036,2206,1,Y,Yes,20,4,3,80,3,39,0,2,2,2,2,2
42,Yes,Travel_Frequently,1075,Sales,27,1,Human Resources,1,682,2,Male,35,1,4,Sales Manager,1,Married,11071,13846,7,Y,No,15,4,3,80,1,25,3,1,12,7,1,6
54,Yes,Travel_Frequently,223,Research & Development,7,4,Marketing,1,683,2,Female,91,3,1,Healthcare Representative,4,Married,8057,2017,9,Y,No,9,3,2,80,3,34,0,1,15,9,7,6
60,No,Travel_Frequently,1071,Research & Development,13,3,Life Sciences,1,684,4,Male,57,4,2,Healthcare Representative,2,Single,19144,4431,7,Y,No,10,4,1,80,3,42,1,2,19,8,6,1
19,Yes,Travel_Rarely,1390,Human Resources,8,5,Human Resources,1,685,3,Female,78,1,5,Manager,2,Married,5004,12774,3,Y,Yes,14,3,2,80,3,2,1,1,2,2,2,2
55,No,Travel_Frequently,961,Sales,21,1,Marketing,1,686,4,Male,89,4,3,Sales Representative,4,Married,6596,14964,7,Y,No,14,4,3,80,2,35,4,4,16,1,0,1
23,Yes,Travel_Rarely,507,Sales,2,4,Marketing,1,687,2,Female,34,4,1,Sales Manager,4,Single,17409,21295,0,Y,No,17,4,4,80,2,4,0,1,4,4,4,4
42,No,Travel_Frequently,1047,Human Resources,1,2,Life Sciences,1,688,2,Male,82,3,5,Manager,1,Married,7278,24099,2,Y,No,11,4,3,80,3,22,4,3,12,2,2,9
40,Yes,Travel_Frequently,910,Sales,8,4,Medical,1,689,4,Female,61,3,3,Sales Representative,3,Married,5975,21905,4,Y,No,12,4,2,80,2,23,3,3,9,2,2,9
60,No,Non-Travel,422,Human Resources,20,2,Life Sciences,1,690,1,Male,43,2,5,Manager,2,Single,10165,2261,7,Y,Yes,23,4,1,80,3,43,6,4,7,7,4,2
37,Yes,Travel_Rarely,718,Human Resources,26,3,Other,1,691,1,Female,65,4,3,Manager,2,Single,3406,20569,9,Y,Yes,18,4,2,80,2,16,6,1,5,1,1,1
40,No,Travel_Rarely,1237,Human Resources,17,1,Medical,1,692,3,Male,85,1,3,Manager,3,Single,2075,4584,9,Y,No,23,3,3,80,3,21,2,2,7,6,5,7
32,No,Travel_Rarely,499,Human Resources,29,2,Human Resources,1,693,4,Male,69,3,1,Manager,2,Single,10148,16991,2,Y,Yes,14,3,1,80,1,11,2,1,11,3,2,1
55,Yes,Travel_Frequently,1424,Research & Development,23,4,Human Resources,1,694,3,Female,92,4,5,Research Scientist,2,Divorced,4938,16357,2,Y,No,14,3,1,80,2,37,1,3,9,7,0,3
32,Yes,Travel_Rarely,413,Human Resources,6,2,Medical,1,695,3,Female,59,2,4,Manager,4,Single,19049,2305,7,Y,Yes,9,3,1,80,3,12,1,2,6,4,3,3
32,No,Travel_Rarely,745,Sales,12,4,Technical Degree,1,696,2,Male,61,3,1,Sales Executive,1,Married,13382,3856,0,Y,No,10,4,1,80,3,13,1,2,13,3,3,10
28,No,Travel_Frequently,434,Human Resources,10,2,Marketing,1,697,4,Male,46,1,1,Human Resources,4,Single,7342,11590,7,Y,Yes,6,4,3,80,1,6,5,4,6,1,1,6
48,No,Travel_Rarely,1388,Research & Development,2,3,Technical Degree,1,698,2,Female,48,2,5,Healthcare Representative,3,Married,17373,13124,6,Y,No,21,3,1,80,1,28,3,3,18,4,4,3
36,No,Travel_Frequently,344,Sales,25,2,Medical,1,699,3,Female,97,2,2,Sales Executive,4,Divorced,3544,17004,1,Y,Yes,21,3,1,80,3,15,3,1,4,3,1,2
49,Yes,Non-Travel,324,Research & Development,19,1,Other,1,700,4,Female,93,2,2,Healthcare Representative,4,Divorced,12431,5343,9,Y,No,10,3,3,80,2,31,1,2,9,6,2,9
19,No,Travel_Frequently,500,Research & Development,11,2,Medical,1,701,1,Female,55,4,2,Manufacturing Director,3,Married,19680,11499,4,Y,No,14,4,4,80,3,1,0,3,1,1,1,1
28,Yes,Travel_Frequently,913,Sales,25,5,Other,1,702,4,Male,84,3,3,Sales Manager,2,Married,7952,22796,5,Y,No,11,3,3,80,0,7,3,2,7,7,4,7
28,Yes,Travel_Rarely,409,Research & Development,18,5,Medical,1,703,2,Male,66,4,1,Manufacturing Director,1,Married,7166,5834,1,Y,No,7,4,2,80,3,7,2,3,7,3,0,6
33,Yes,Travel_Frequently,1376,Sales,25,2,Other,1,704,2,Female,95,1,5,Sales Executive,2,Divorced,10493,2886,2,Y,Yes,25,4,1,80,2,11,5,2,11,7,1,6
54,Yes,Non-Travel,414,Human Resources,27,2,Life Sciences,1,705,3,Male,85,4,2,Human Resources,1,Divorced,19639,19807,2,Y,No,18,4,1,80,1,32,4,1,12,5,1,6
52,No,Non-Travel,1166,Research & Development,19,3,Marketing,1,706,4,Male,71,3,1,Research Scientist,3,Married,12278,14704,8,Y,Yes,25,4,1,80,3,33,5,4,15,9,7,4
60,Yes,Non-Travel,1352,Human Resources,7,5,Medical,1,707,4,Male,62,3,2,Manager,1,Single,7344,19429,2,Y,No,11,3,1,80,1,38,6,4,10,2,0,5
44,Yes,Non-Travel,142,Human Resources,24,5,Life Sciences,1,708,2,Female,51,3,5,Human Resources,2,Divorced,15429,2069,8,Y,No,6,3,3,80,1,22,4,2,2,2,2,2
24,Yes,Travel_Frequently,1451,Research & Development,23,1,Marketing,1,709,2,Male,37,4,2,Research Director,4,Married,7600,3954,0,Y,Yes,19,4,4,80,1,4,6,2,4,3,3,4
53,Yes,Travel_Rarely,1031,Human Resources,29,5,Technical Degree,1,710,1,Male,43,1,2,Human Resources,1,Divorced,15030,10120,1,Y,Yes,18,4,2,80,3,35,5,2,11,2,2,3
32,No,Travel_Rarely,931,Human Resources,24,5,Human Resources,1,711,4,Male,91,1,3,Human Resources,3,Single,2648,18154,9,Y,Yes,17,3,2,80,1,15,5,1,3,3,3,3
35,No,Non-Travel,1417,Sales,15,5,Medical,1,712,2,Male,61,4,4,Sales Manager,1,Single,19473,19728,8,Y,No,14,4,2,80,3,18,3,4,4,4,4,4
43,Yes,Travel_Rarely,557,Human Resources,7,5,Marketing,1,713,3,Female,64,4,2,Human Resources,2,Single,12687,23992,4,Y,No,18,3,1,80,2,25,2,4,17,10,2,6
57,No,Travel_Rarely,622,Research & Development,1,5,Marketing,1,714,3,Female,75,4,5,Manufacturing Director,1,Married,18319,24465,8,Y,No,24,4,2,80,3,35,0,3,18,10,7,5
36,Yes,Travel_Rarely,1338,Sales,10,3,Medical,1,715,3,Female,51,1,5,Sales Manager,2,Divorced,2323,23721,9,Y,No,25,4,1,80,0,18,1,1,1,1,1,1
47,No,Travel_Rarely,1273,Human Resources,18,4,Marketing,1,716,3,Male,54,4,1,Human Resources,2,Married,19682,23814,4,Y,Yes,6,4,4,80,1,27,6,3,17,2,2,1
44,No,Non-Travel,1421,Sales,2,2,Technical Degree,1,717,1,Male,56,3,1,Sales Executive,3,Single,13661,2566,5,Y,No,16,4,2,80,0,27,4,4,13,7,1,10
54,No,Non-Travel,197,Research & Development,14,4,Other,1,718,2,Male,59,3,5,Research Scientist,1,Divorced,6026,10892,0,Y,No,14,4,4,80,3,32,2,4,4,4,4,4
53,Yes,Non-Travel,971,Research & Development,11,2,Marketing,1,719,3,Female,52,1,2,Manufacturing Director,2,Married,12335,8037,5,Y,Yes,10,3,2,80,1,35,3,3,20,7,7,3
37,No,Travel_Frequently,561,Sales,8,3,Human Resources,1,720,3,Female,70,2,3,Sales Manager,3,Married,19510,2200,9,Y,Yes,20,3,3,80,2,18,0,2,11,3,1,4
56,Yes,Travel_Frequently,654,Research & Development,25,2,Technical Degree,1,721,3,Male,98,3,1,Laboratory Technician,3,Single,15946,23054,7,Y,No,22,3,3,80,0,35,1,2,5,5,5,3
40,No,Travel_Rarely,1183,Sales,12,3,Life Sciences,1,722,4,Male,36,3,5,Sales Executive,4,Divorced,3711,13903,9,Y,Yes,14,3,3,80,2,18,3,3,15,2,0,6
58,Yes,Travel_Rarely,692,Sales,4,2,Marketing,1,723,1,Male,56,4,3,Sales Manager,2,Married,10518,3200,5,Y,Yes,15,3,2,80,0,40,4,1,10,10,7,4
22,No,Travel_Frequently,1073,Research & Development,18,5,Human Resources,1,724,3,Male,55,2,1,Manufacturing Director,1,Single,19803,2315,2,Y,No,14,4,3,80,3,4,0,2,3,3,2,3
44,Yes,Non-Travel,671,Human Resources,17,2,Marketing,1,725,4,Female,78,4,4,Human Resources,2,Divorced,11585,18271,9,Y,Yes,7,4,4,80,0,22,2,1,12,7,7,4
43,No,Travel_Rarely,198,Sales,2,5,Human Resources,1,726,2,Male,98,4,4,Sales Representative,1,Divorced,5675,21515,9,Y,Yes,22,4,2,80,2,25,1,3,19,10,0,1
52,Yes,Travel_Rarely,997,Sales,24,5,Marketing,1,727,3,Female,51,3,3,Sales Executive,2,Divorced,14147,20384,8,Y,Yes,16,4,1,80,3,34,1,1,10,10,7,10
55,No,Travel_Frequently,772,Human Resources,18,5,Human Resources,1,728,3,Female,97,1,2,Human Resources,2,Divorced,2471,11805,3,Y,Yes,13,4,4,80,2,38,6,4,20,8,1,8
43,Yes,Travel_Rarely,1203,Research & Development,28,2,Other,1,729,2,Male,40,1,2,Research Scientist,1,Single,18111,11014,8,Y,Yes,15,3,4,80,2,21,4,4,3,3,3,3
27,Yes,Travel_Frequently,1478,Research & Development,17,5,Medical,1,730,1,Female,80,2,1,Research Director,1,Married,6146,2654,8,Y,No,8,3,2,80,2,5,6,2,5,1,1,4
59,No,Travel_Frequently,771,Human Resources,17,1,Medical,1,731,2,Female,37,4,1,Manager,4,Married,11286,6444,5,Y,No,14,3,1,80,0,41,5,3,4,4,1,1
43,No,Travel_Frequently,1215,Human Resources,8,1,Medical,1,732,4,Male,71,3,5,Manager,2,Married,12940,16096,3,Y,No,7,4,1,80,3,23,6,3,8,8,0,1
33,Yes,Travel_Rarely,1065,Sales,8,2,Marketing,1,733,4,Female,92,2,1,Sales Executive,4,Divorced,9863,7954,6,Y,Yes,19,3,4,80,3,16,2,1,16,1,1,9
51,No,Non-Travel,187,Research & Development,20,3,Marketing,1,734,2,Male,77,1,1,Manufacturing Director,4,Married,10703,6077,7,Y,Yes,6,3,2,80,0,31,2,1,7,6,4,7
31,No,Travel_Rarely,1278,Sales,4,5,Life Sciences,1,735,4,Female,82,4,3,Sales Manager,3,Single,2708,20845,8,Y,No,6,4,1,80,2,13,1,2,8,8,5,4
50,Yes,Non-Travel,1232,Research & Development,28,3,Marketing,1,736,2,Female,45,1,3,Laboratory Technician,3,Married,15920,5462,7,Y,No,17,4,2,80,3,28,4,1,15,5,3,1
48,Yes,Travel_Rarely,1339,Research & Development,25,3,Human Resources,1,737,4,Female,31,2,2,Laboratory Technician,1,Divorced,2276,22404,7,Y,Yes,8,4,2,80,3,29,3,2,1,1,1,1
28,No,Travel_Frequently,235,Research & Development,21,1,Other,1,738,2,Male,32,1,1,Laboratory Technician,2,Married,11158,3854,5,Y,Yes,20,4,3,80,0,9,6,3,9,3,0,5
59,Yes,Non-Travel,623,Human Resources,25,5,Technical Degree,1,739,1,Male,82,3,1,Manager,4,Single,14772,8707,4,Y,No,10,3,3,80,1,41,1,2,15,1,1,3
59,No,Non-Travel,202,Research & Development,7,4,Life Sciences,1,740,2,Male,90,4,5,Healthcare Representative,1,Single,9048,2393,4,Y,No,9,4,2,80,0,40,0,1,17,7,1,7
33,Yes,Travel_Frequently,161,Human Resources,19,2,Life Sciences,1,741,3,Female,37,2,2,Manager,1,Married,12256,5138,0,Y,No,20,3,1,80,3,11,1,4,11,8,7,10
20,Yes,Travel_Frequently,345,Research & Development,2,2,Life Sciences,1,742,1,Female,33,4,5,Laboratory Technician,4,Single,8082,10319,8,Y,Yes,15,4,1,80,3,1,4,2,1,1,1,1
18,No,Travel_Rarely,395,Sales,10,3,Medical,1,743,2,Female,73,1,2,Sales Executive,1,Married,2504,7933,2,Y,No,11,4,3,80,1,1,5,3,1,1,1,1
48,Yes,Travel_Rarely,1241,Research & Development,4,5,Life Sciences,1,744,3,Male,33,3,4,Laboratory Technician,3,Married,11833,24188,3,Y,Yes,9,4,1,80,2,27,0,4,16,7,1,8
54,Yes,Travel_Frequently,1152,Research & Development,10,5,Human Resources,1,745,1,Male,83,4,4,Laboratory Technician,1,Married,16023,6158,9,Y,No,11,4,3,80,3,36,3,3,14,5,5,9
32,No,Travel_Rarely,203,Human Resources,10,5,Life Sciences,1,746,2,Female,81,4,5,Human Resources,2,Divorced,3429,20719,9,Y,No,21,3,3,80,0,14,2,2,5,2,2,5
35,Yes,Travel_Rarely,508,Research & Development,9,5,Medical,1,747,3,Female,92,3,5,Laboratory Technician,1,Single,7455,24489,6,Y,Yes,9,3,2,80,3,14,0,2,5,1,1,2
53,No,Travel_Frequently,343,Human Resources,4,3,Other,1,748,2,Female,81,4,4,Manager,2,Single,10261,2086,9,Y,No,5,3,2,80,1,31,1,4,1,1,1,1
55,No,Travel_Rarely,183,Sales,18,5,Life Sciences,1,749,2,Female,36,2,5,Sales Executive,4,Divorced,10026,2755,1,Y,Yes,24,4,1,80,2,37,5,1,14,8,4,7
23,Yes,Travel_Frequently,487,Research & Development,9,1,Marketing,1,750,2,Male,63,3,5,Healthcare Representative,3,Divorced,2595,23781,5,Y,No,5,3,2,80,2,5,3,3,5,5,4,3
38,No,Travel_Rarely,646,Sales,14,5,Human Resources,1,751,2,Female,32,2,5,Sales Representative,2,Divorced,6520,6563,7,Y,Yes,22,3,4,80,2,17,0,3,2,2,0,2
43,Yes,Travel_Frequently,427,Human Resources,11,5,Marketing,1,752,3,Male,58,1,4,Human Resources,1,Single,12209,13286,2,Y,Yes,19,3,2,80,2,24,6,1,8,6,3,7
39,No,Travel_Rarely,1332,Sales,19,1,Other,1,753,4,Male,52,4,2,Sales Executive,1,Divorced,17225,9178,0,Y,Yes,6,4,1,80,2,19,1,1,13,2,0,1
47,No,Travel_Frequently,1190,Human Resources,24,1,Other,1,754,3,Male,77,4,2,Human Resources,2,Single,10666,2377,6,Y,Yes,20,4,3,80,1,25,3,3,12,2,2,1
37,Yes,Non-Travel,733,Research & Development,20,4,Technical Degree,1,755,4,Male,92,3,4,Research Director,1,Single,8716,6879,1,Y,Yes,13,3,4,80,0,17,4,4,8,1,1,8
38,No,Non-Travel,665,Human Resources,17,2,Technical Degree,1,756,3,Male,39,4,4,Human Resources,3,Divorced,6260,22362,6,Y,Yes,19,4,4,80,3,19,6,4,13,6,6,3
55,Yes,Travel_Frequently,741,Research & Development,10,2,Marketing,1,757,4,Male,64,3,4,Research Scientist,4,Divorced,9710,8864,8,Y,Yes,14,3,2,80,0,37,1,1,16,5,2,3
58,Yes,Travel_Frequently,307,Sales,26,5,Other,1,758,4,Female,93,2,3,Sales Executive,2,Married,6054,8408,2,Y,No,22,3,1,80,2,36,1,4,13,5,4,2
55,Yes,Travel_Frequently,811,Human Resources,26,5,Medical,1,759,2,Female,42,1,5,Human Resources,3,Divorced,2599,5301,6,Y,No,6,3,3,80,2,37,5,2,1,1,1,1
29,Yes,Non-Travel,514,Sales,27,1,Other,1,760,1,Male,50,4,3,Sales Executive,1,Single,3915,4047,3,Y,Yes,11,3,1,80,3,10,0,3,5,2,2,1
48,No,Travel_Frequently,1139,Sales,18,1,Other,1,761,3,Male,63,4,1,Sales Manager,3,Single,3668,5228,6,Y,Yes,23,4,1,80,3,26,0,1,4,4,2,4
39,No,Non-Travel,1058,Human Resources,18,5,Medical,1,762,1,Male,37,4,1,Human Resources,4,Married,6508,9428,8,Y,No,19,3,1,80,3,22,6,1,15,9,0,8
27,Yes,Travel_Rarely,1016,Human Resources,25,5,Human Resources,1,763,3,Male,83,2,3,Manager,1,Single,3321,20338,1,Y,Yes,8,3,3,80,3,9,3,3,7,7,5,4
59,No,Non-Travel,1229,Research & Development,27,3,Medical,1,764,1,Female,75,4,4,Laboratory Technician,4,Divorced,14531,16938,1,Y,No,13,4,4,80,1,40,0,3,19,1,1,10
25,No,Non-Travel,1083,Human Resources,24,3,Other,1,765,3,Male,31,1,1,Human Resources,2,Divorced,2144,9129,1,Y,Yes,11,4,3,80,2,6,5,2,6,3,3,2
32,No,Non-Travel,568,Human Resources,10,5,Marketing,1,766,4,Male,35,1,2,Human Resources,4,Married,12367,6828,1,Y,No,8,4,3,80,0,15,5,4,14,10,1,1
33,Yes,Non-Travel,418,Research & Development,1,5,Marketing,1,767,3,Male,92,1,5,Research Director,4,Divorced,10505,18566,5,Y,Yes,23,4,2,80,0,11,2,3,4,4,4,4
22,Yes,Travel_Frequently,1409,Research & Development,16,3,Life Sciences,1,768,2,Female,35,2,5,Laboratory Technician,4,Married,14333,24001,8,Y,No,24,4,1,80,2,1,2,2,1,1,1,1
41,No,Travel_Rarely,886,Research & Development,4,4,Technical Degree,1,769,1,Female,63,4,3,Research Scientist,2,Married,13850,23375,0,Y,No,20,3,1,80,0,22,2,4,7,1,1,2
51,Yes,Travel_Frequently,907,Research & Development,15,4,Marketing,1,770,3,Male,97,2,5,Research Director,1,Single,10505,15199,2,Y,No,9,4,4,80,2,32,3,4,2,2,2,2
46,Yes,Non-Travel,546,Sales,24,2,Medical,1,771,4,Female,97,1,2,Sales Executive,1,Divorced,6108,16130,8,Y,Yes,21,4,3,80,2,27,4,4,16,7,2,6
39,No,Travel_Rarely,118,Sales,7,3,Life Sciences,1,772,4,Female,70,4,5,Sales Executive,1,Single,10433,8286,9,Y,No,25,4,4,80,1,20,3,4,3,3,3,3
28,No,Non-Travel,469,Research & Development,28,5,Other,1,773,1,Female,37,4,5,Laboratory Technician,1,Single,8758,7769,2,Y,No,10,3,1,80,2,9,6,4,7,7,2,7
49,Yes,Travel_Rarely,1281,Research & Development,6,1,Technical Degree,1,774,1,Female,100,2,2,Manufacturing Director,4,Divorced,15243,9624,9,Y,Yes,6,4,1,80,0,31,4,2,12,2,2,5
29,No,Travel_Rarely,1051,Research & Development,16,5,Life Sciences,1,775,4,Female,32,2,2,Research Director,1,Divorced,16764,9079,1,Y,No,7,4,3,80,3,7,0,1,7,7,0,2
31,Yes,Non-Travel,1237,Sales,28,4,Medical,1,776,3,Male,30,4,4,Sales Representative,3,Married,9918,19692,7,Y,No,12,3,1,80,1,10,2,2,10,5,5,7
56,No,Non-Travel,1435,Research & Development,18,5,Medical,1,777,2,Male,36,1,2,Manufacturing Director,4,Divorced,13405,11780,1,Y,No,23,4,4,80,3,35,3,4,19,2,2,4
47,No,Travel_Frequently,990,Research & Development,24,3,Marketing,1,778,4,Male,68,3,4,Healthcare Representative,1,Divorced,19895,2091,9,Y,Yes,18,4,2,80,2,27,4,1,1,1,0,1
24,Yes,Non-Travel,455,Research & Development,20,1,Medical,1,779,2,Male,50,2,3,Research Scientist,1,Divorced,9378,13419,0,Y,Yes,11,3,2,80,2,4,2,2,4,4,0,4
41,Yes,Travel_Rarely,602,Human Resources,26,1,Life Sciences,1,780,2,Female,54,4,3,Human Resources,4,Married,8345,7315,0,Y,Yes,14,3,2,80,2,20,6,1,13,10,4,4
52,Yes,Travel_Rarely,392,Sales,25,2,Marketing,1,781,4,Male,61,1,2,Sales Executive,4,Single,5863,18266,5,Y,Yes,17,3,3,80,0,34,2,3,13,6,2,1
18,Yes,Travel_Rarely,255,Human Resources,11,5,Marketing,1,782,4,Female,59,2,5,Human Resources,2,Single,16625,5272,9,Y,No,20,4,4,80,1,1,3,3,1,1,1,1
50,Yes,Non-Travel,745,Research & Development,15,4,Life Sciences,1,783,1,Female,47,2,5,Research Scientist,1,Married,10800,10863,3,Y,No,6,3,3,80,3,28,6,2,1,1,1,1
38,No,Travel_Rarely,1054,Research & Development,8,2,Other,1,784,1,Male,46,2,5,Research Scientist,2,Married,10550,14267,0,Y,Yes,13,3,3,80,0,20,5,3,15,8,7,3
18,No,Travel_Frequently,833,Research & Development,7,4,Technical Degree,1,785,4,Female,37,3,4,Manufacturing Director,3,Divorced,5121,7437,3,Y,No,15,4,1,80,3,1,5,3,1,1,1,1
51,Yes,Non-Travel,1448,Sales,13,5,Medical,1,786,3,Male,51,3,4,Sales Manager,1,Divorced,6106,13875,2,Y,Yes,14,3,4,80,3,29,4,2,17,5,5,8
40,Yes,Travel_Rarely,285,Sales,15,5,Medical,1,787,3,Male,51,1,4,Sales Manager,2,Single,2416,7325,2,Y,No,12,4,1,80,1,22,4,1,14,4,4,3
46,Yes,Travel_Frequently,138,Research & Development,12,4,Technical Degree,1,788,2,Male,59,1,3,Research Director,2,Single,3289,22136,6,Y,Yes,7,3,3,80,0,25,4,2,6,2,2,5
37,Yes,Travel_Rarely,675,Research & Development,1,1,Human Resources,1,789,4,Female,81,4,1,Manufacturing Director,2,Single,15106,5633,8,Y,No,18,3,4,80,0,16,1,3,15,8,0,6
54,No,Travel_Rarely,940,Research & Development,27,4,Medical,1,790,1,Female,44,3,4,Research Director,4,Single,8495,2407,6,Y,Yes,25,4,3,80,0,37,1,2,5,4,1,4
35,No,Travel_Frequently,468,Research & Development,12,2,Technical Degree,1,791,3,Female,35,4,4,Manufacturing Director,3,Single,11578,11091,7,Y,Yes,18,3,1,80,3,16,0,4,2,2,2,2
49,No,Travel_Frequently,548,Research & Development,8,3,Other,1,792,4,Male,64,2,2,Research Scientist,3,Single,7512,13316,7,Y,No,18,4,4,80,2,29,1,1,9,5,1,8
52,No,Travel_Rarely,1437,Research & Development,23,2,Technical Degree,1,793,3,Female,31,2,5,Manufacturing Director,3,Divorced,4071,2105,7,Y,Yes,24,4,4,80,0,31,1,3,7,7,6,5
35,Yes,Travel_Rarely,292,Research & Development,18,5,Human Resources,1,794,2,Male,67,3,5,Research Scientist,4,Married,15453,9278,1,Y,No,19,4,1,80,1,15,5,4,14,1,1,8
46,No,Travel_Rarely,222,Sales,18,3,Technical Degree,1,795,1,Female,49,1,4,Sales Executive,3,Married,3099,16837,1,Y,No,20,3,3,80,1,26,5,1,10,2,2,9
53,Yes,Travel_Rarely,603,Sales,29,3,Medical,1,796,2,Female,57,4,4,Sales Representative,1,Single,18685,2886,0,Y,Yes,17,4,4,80,0,32,5,4,8,8,4,7
26,No,Non-Travel,1128,Sales,20,2,Technical Degree,1,797,4,Male,72,4,5,Sales Representative,2,Divorced,9144,24159,0,Y,Yes,24,3,4,80,2,8,2,2,8,8,6,6
57,No,Travel_Frequently,637,Sales,21,1,Other,1,798,1,Female,84,4,3,Sales Manager,4,Married,3922,24942,4,Y,Yes,7,4,4,80,0,39,1,2,5,3,1,5
43,No,Travel_Frequently,1250,Research & Development,27,1,Technical Degree,1,799,4,Male,49,2,5,Healthcare Representative,1,Divorced,5932,15719,9,Y,No,15,3,4,80,1,21,4,1,19,9,2,8
37,No,Travel_Frequently,1410,Sales,23,4,Human Resources,1,800,4,Female,32,4,1,Sales Executive,1,Single,11911,5701,9,Y,No,14,4,4,80,1,19,0,2,8,2,2,6
46,Yes,Travel_Frequently,1054,Human Resources,30,3,Marketing,1,801,4,Male,98,1,3,Human Resources,4,Single,4468,5658,8,Y,Yes,18,4,3,80,1,29,5,2,9,4,0,3
59,Yes,Travel_Rarely,944,Sales,1,4,Other,1,802,1,Male,68,2,2,Sales Manager,1,Single,7114,3393,3,Y,No,19,3,1,80,0,40,1,4,2,2,2,1
28,No,Non-Travel,1413,Sales,22,2,Other,1,803,4,Female,89,1,5,Sales Representative,1,Divorced,8024,22687,0,Y,No,13,3,4,80,2,9,5,1,5,5,5,5
28,No,Non-Travel,1477,Research & Development,8,4,Medical,1,804,4,Female,63,3,1,Healthcare Representative,2,Married,8377,11195,9,Y,No,13,3,3,80,1,6,4,3,6,1,1,6
23,Yes,Travel_Frequently,419,Human Resources,29,3,Other,1,805,2,Male,58,1,3,Human Resources,3,Single,4949,17025,5,Y,Yes,16,3,4,80,1,2,6,4,2,2,0,2
42,No,Travel_Frequently,262,Research & Development,10,2,Marketing,1,806,2,Female,98,1,3,Manufacturing Director,4,Single,18424,16405,0,Y,No,16,4,3,80,1,22,0,2,12,4,4,5
54,No,Non-Travel,1337,Sales,7,2,Human Resources,1,807,3,Female,97,2,4,Sales Representative,3,Married,17191,15361,2,Y,Yes,14,3,4,80,3,33,1,2,14,1,1,7
29,No,Travel_Rarely,806,Human Resources,13,2,Technical Degree,1,808,2,Female,78,2,1,Human Resources,3,Single,8197,21997,1,Y,No,23,3,4,80,3,10,4,4,10,10,6,3
46,Yes,Travel_Frequently,509,Sales,6,4,Life Sciences,1,809,2,Male,97,2,2,Sales Executive,4,Married,12727,8212,0,Y,Yes,24,3,1,80,2,28,0,1,9,9,3,2
21,No,Non-Travel,134,Human Resources,28,2,Human Resources,1,810,2,Female,56,3,3,Human Resources,4,Married,5873,18927,4,Y,No,23,4,2,80,1,4,4,1,4,2,2,4
60,No,Travel_Rarely,163,Human Resources,20,2,Other,1,811,4,Female,92,3,3,Human Resources,2,Married,9606,15979,2,Y,Yes,18,3,1,80,0,38,3,3,17,3,3,6
23,Yes,Travel_Rarely,113,Human Resources,4,3,Medical,1,812,1,Female,69,3,4,Human Resources,2,Divorced,11515,10123,8,Y,Yes,14,4,3,80,3,4,0,2,4,4,4,3
57,Yes,Non-Travel,276,Research & Development,21,1,Life Sciences,1,813,2,Female,52,1,4,Manufacturing Director,4,Married,15731,3474,2,Y,Yes,9,4,2,80,3,35,3,2,16,6,0,4
29,Yes,Travel_Rarely,745,Sales,16,3,Technical Degree,1,814,1,Female,38,3,5,Sales Manager,1,Married,9388,2168,6,Y,No,20,4,4,80,0,7,5,1,7,7,6,3
33,No,Non-Travel,805,Research & Development,9,5,Marketing,1,815,4,Male,74,3,3,Research Director,3,Divorced,2047,19845,0,Y,No,7,3,3,80,3,15,5,4,3,3,3,3
60,No,Travel_Rarely,1205,Sales,1,1,Other,1,816,1,Male,65,2,1,Sales Representative,1,Married,5841,2602,9,Y,Yes,12,3,2,80,0,39,3,4,1,1,1,1
20,Yes,Travel_Frequently,1345,Human Resources,15,3,Human Resources,1,817,2,Male,73,4,3,Manager,2,Divorced,7159,4966,8,Y,No,17,4,2,80,0,2,5,3,1,1,1,1
21,No,Travel_Rarely,184,Sales,16,4,Marketing,1,818,2,Male,45,3,5,Sales Executive,1,Divorced,7511,21643,0,Y,Yes,24,3,1,80,0,3,5,2,3,3,3,1
42,No,Travel_Rarely,166,Sales,6,3,Human Resources,1,819,3,Male,67,1,3,Sales Manager,2,Single,15214,16903,6,Y,No,10,3,4,80,0,21,3,1,6,2,1,6
41,Yes,Travel_Frequently,1364,Human Resources,29,4,Other,1,820,4,Female,73,4,5,Human Resources,4,Married,4406,9991,3,Y,No,23,4,4,80,1,19,6,2,15,2,2,7
38,Yes,Travel_Frequently,112,Research & Development,18,3,Medical,1,821,3,Female,57,1,4,Laboratory Technician,1,Single,16693,14722,4,Y,No,21,4,4,80,0,16,0,2,5,5,5,5
45,Yes,Non-Travel,1313,Human Resources,20,1,Medical,1,822,2,Male,45,1,4,Human Resources,3,Married,3435,7403,8,Y,No,6,3,2,80,2,27,4,1,4,1,1,4
30,No,Travel_Frequently,1049,Human Resources,21,5,Technical Degree,1,823,3,Female,74,3,2,Manager,2,Married,6359,18154,2,Y,No,14,4,1,80,0,11,2,3,2,1,1,1
39,No,Travel_Frequently,776,Human Resources,18,1,Life Sciences,1,824,2,Male,80,3,5,Human Resources,1,Divorced,11273,15308,9,Y,No,10,3,4,80,0,20,0,4,12,6,3,5
42,Yes,Non-Travel,368,Sales,15,4,Life Sciences,1,825,1,Male,55,3,3,Sales Executive,1,Single,2525,13577,0,Y,Yes,7,4,3,80,3,22,5,2,15,3,3,7
32,Yes,Travel_Frequently,253,Sales,15,4,Life Sciences,1,826,4,Male,56,3,1,Sales Representative,3,Married,11903,10037,9,Y,No,23,4,1,80,2,10,2,4,10,3,2,5
38,Yes,Travel_Frequently,928,Human Resources,30,1,Marketing,1,827,2,Female,57,1,1,Manager,2,Divorced,11841,16079,8,Y,No,15,4,3,80,0,21,2,4,19,9,6,7
18,Yes,Travel_Frequently,435,Research & Development,3,4,Life Sciences,1,828,2,Female,33,4,4,Laboratory Technician,2,Divorced,8082,21774,8,Y,No,16,4,2,80,3,1,5,2,1,1,1,1
26,Yes,Travel_Rarely,999,Sales,8,4,Marketing,1,829,3,Male,90,2,2,Sales Executive,2,Divorced,7417,9758,2,Y,Yes,24,3,1,80,1,7,1,2,7,7,2,5
24,No,Non-Travel,1338,Sales,17,1,Life Sciences,1,830,3,Female,97,4,2,Sales Manager,3,Divorced,4313,6893,4,Y,No,24,3,1,80,1,4,6,3,4,4,4,4
26,No,Non-Travel,537,Sales,18,4,Marketing,1,831,4,Female,49,2,5,Sales Manager,4,Single,10056,8039,3,Y,Yes,18,3,4,80,0,4,1,4,1,1,1,1
44,No,Non-Travel,1358,Human Resources,7,4,Marketing,1,832,3,Male,70,2,1,Manager,1,Married,12979,7553,8,Y,No,24,4,1,80,3,24,6,4,2,2,2,1
26,Yes,Travel_Frequently,980,Human Resources,6,1,Other,1,833,2,Female,50,4,4,Manager,3,Married,2079,2451,6,Y,Yes,6,3,4,80,2,7,3,3,7,3,3,7
46,No,Travel_Frequently,627,Human Resources,23,5,Technical Degree,1,834,1,Female,94,3,1,Human Resources,3,Married,4535,16000,9,Y,No,6,4,2,80,1,29,6,2,16,10,4,10
45,No,Travel_Rarely,1361,Human Resources,4,2,Medical,1,835,1,Female,66,3,5,Human Resources,1,Single,12798,20428,2,Y,No,15,3,1,80,2,23,5,2,6,6,1,2
28,No,Non-Travel,1126,Human Resources,27,5,Human Resources,1,836,4,Male,97,4,4,Manager,1,Single,18822,6631,2,Y,No,9,3,3,80,2,8,0,3,8,8,7,2
42,Yes,Travel_Rarely,1491,Human Resources,10,2,Other,1,837,4,Male,71,3,5,Manager,2,Divorced,2802,18885,7,Y,No,18,4,2,80,2,25,6,1,19,10,4,7
43,Yes,Travel_Rarely,1020,Human Resources,13,5,Life Sciences,1,838,4,Male,94,4,4,Human Resources,3,Single,12441,15315,2,Y,No,13,4,3,80,0,21,3,3,4,4,4,4
29,Yes,Travel_Frequently,831,Research & Development,15,4,Marketing,1,839,3,Female,39,3,1,Research Scientist,1,Married,3883,15589,5,Y,No,17,4,2,80,3,11,2,2,11,9,2,5
50,Yes,Travel_Frequently,1026,Research & Development,14,1,Medical,1,840,3,Female,32,1,5,Laboratory Technician,3,Married,4081,10033,0,Y,No,18,3,2,80,3,32,4,2,8,6,6,1
20,Yes,Travel_Frequently,1321,Human Resources,3,1,Human Resources,1,841,3,Female,92,3,1,Human Resources,2,Divorced,17585,20869,3,Y,No,20,3,3,80,2,1,1,1,1,1,1,1
35,Yes,Travel_Frequently,1273,Sales,16,3,Life Sciences,1,842,2,Male,62,1,3,Sales Executive,4,Married,9299,24178,4,Y,No,5,4,1,80,3,17,5,2,1,1,1,1
59,Yes,Travel_Frequently,297,Human Resources,27,1,Marketing,1,843,4,Male,86,3,3,Human Resources,4,Single,9450,23790,0,Y,No,19,4,3,80,2,40,0,3,7,5,2,1
45,No,Travel_Frequently,425,Research & Development,11,5,Other,1,844,1,Female,61,4,1,Laboratory Technician,3,Divorced,15771,23191,8,Y,No,12,3,4,80,1,26,1,3,17,5,1,10
48,No,Travel_Rarely,1059,Sales,6,2,Life Sciences,1,845,4,Female,99,2,1,Sales Executive,3,Divorced,4959,18405,9,Y,Yes,9,4,3,80,3,27,3,3,3,3,1,3
27,No,Travel_Rarely,1491,Research & Development,20,4,Other,1,846,4,Male,37,3,4,Laboratory Technician,1,Single,17450,3176,8,Y,No,18,4,3,80,0,9,3,4,1,1,1,1
22,No,Travel_Frequently,235,Sales,18,4,Marketing,1,847,1,Female,75,4,5,Sales Executive,3,Married,18848,21109,9,Y,No,7,4,3,80,0,5,1,4,2,2,2,2
31,No,Non-Travel,1495,Sales,1,5,Technical Degree,1,848,1,Female,43,3,5,Sales Executive,1,Divorced,15079,7911,7,Y,Yes,8,3,2,80,0,12,6,4,3,3,3,3
26,Yes,Non-Travel,893,Sales,2,4,Life Sciences,1,849,4,Male,100,3,5,Sales Representative,3,Divorced,6717,21880,7,Y,No,12,3,4,80,0,8,1,1,5,4,4,3
49,No,Travel_Rarely,1447,Sales,12,5,Human Resources,1,850,1,Female,57,3,2,Sales Manager,3,Married,7597,5281,7,Y,Yes,15,4,4,80,1,27,2,1,16,8,3,2
51,No,Travel_Frequently,528,Human Resources,27,5,Other,1,851,4,Female,43,3,5,Human Resources,1,Divorced,19609,4501,4,Y,No,14,3,1,80,2,31,1,2,2,2,2,2
30,Yes,Travel_Frequently,391,Sales,2,4,Life Sciences,1,852,4,Female,59,3,4,Sales Manager,3,Divorced,3751,22932,9,Y,No,14,4,3,80,0,13,3,4,13,8,7,9
32,No,Non-Travel,1292,Research & Development,20,4,Marketing,1,853,4,Female,93,2,4,Research Scientist,2,Divorced,13634,13994,5,Y,Yes,19,3,1,80,1,13,4,4,7,7,3,2
26,No,Non-Travel,1383,Human Resources,6,5,Marketing,1,854,1,Male,62,4,2,Manager,4,Married,13369,19614,4,Y,No,12,4,2,80,1,4,2,3,4,4,1,4
34,No,Travel_Frequently,106,Human Resources,3,1,Marketing,1,855,1,Female,73,1,5,Manager,4,Single,16481,2430,7,Y,Yes,10,3,1,80,2,14,0,3,14,2,2,2
37,No,Travel_Frequently,1197,Human Resources,7,4,Technical Degree,1,856,1,Female,81,2,5,Human Resources,2,Divorced,6108,11457,7,Y,Yes,25,3,4,80,2,18,5,3,10,1,1,10
59,Yes,Travel_Rarely,103,Human Resources,15,2,Life Sciences,1,857,2,Female,47,3,4,Human Resources,1,Divorced,4554,12271,1,Y,Yes,17,3,2,80,3,41,1,2,13,7,6,7
55,Yes,Travel_Rarely,770,Sales,16,2,Other,1,858,1,Male,49,4,5,Sales Representative,3,Single,4364,22829,5,Y,Yes,14,4,3,80,1,37,4,1,1,1,1,1
40,No,Travel_Rarely,877,Sales,27,3,Technical Degree,1,859,3,Male,57,4,3,Sales Representative,3,Married,6202,4178,0,Y,No,23,4,2,80,1,18,3,2,18,7,3,8
34,Yes,Non-Travel,1225,Research & Development,6,5,Life Sciences,1,860,1,Male,81,2,5,Laboratory Technician,3,Married,10382,17765,5,Y,Yes,9,3,4,80,2,14,1,2,3,3,3,3
41,No,Non-Travel,1055,Human Resources,12,1,Marketing,1,861,3,Female,70,1,3,Manager,1,Married,18942,9001,1,Y,No,7,3,3,80,1,19,1,3,9,9,7,9
45,No,Non-Travel,764,Research & Development,4,5,Medical,1,862,4,Female,41,4,3,Healthcare Representative,4,Single,4762,4127,8,Y,Yes,13,3,2,80,0,26,6,1,8,2,2,4
53,Yes,Travel_Rarely,392,Research & Development,10,4,Life Sciences,1,863,3,Male,84,1,4,Healthcare Representative,3,Divorced,2075,20946,2,Y,No,11,3,2,80,2,33,0,2,15,1,1,9
29,Yes,Travel_Frequently,155,Sales,11,2,Human Resources,1,864,3,Male,81,1,3,Sales Representative,1,Single,7026,15397,2,Y,Yes,20,3,3,80,0,8,5,3,8,2,1,5
43,Yes,Non-Travel,196,Human Resources,9,2,Other,1,865,1,Female,77,1,2,Human Resources,1,Single,7770,14379,0,Y,No,9,3,1,80,1,21,2,2,11,4,2,3
54,No,Non-Travel,1491,Research & Development,26,2,Other,1,866,2,Male,66,3,2,Research Director,4,Single,15491,12920,3,Y,No,9,3,3,80,3,33,4,3,8,8,4,6
18,Yes,Non-Travel,1403,Sales,24,5,Human Resources,1,867,2,Male,90,3,2,Sales Representative,4,Married,16870,22483,0,Y,Yes,12,4,2,80,2,1,3,3,1,1,1,1
29,No,Travel_Rarely,315,Human Resources,6,3,Marketing,1,868,4,Female,64,2,3,Human Resources,3,Married,11835,17490,5,Y,No,16,3,2,80,3,8,3,3,8,1,1,7
43,No,Non-Travel,895,Research & Development,25,3,Other,1,869,3,Female,93,1,2,Research Director,4,Divorced,8637,21411,9,Y,No,9,4,1,80,3,25,5,2,11,4,2,5
44,No,Travel_Rarely,905,Sales,18,5,Medical,1,870,1,Male,98,2,2,Sales Representative,4,Divorced,5318,6820,5,Y,Yes,14,4,1,80,2,26,6,3,14,4,0,7
50,No,Non-Travel,1065,Human Resources,8,4,Human Resources,1,871,4,Male,51,4,4,Human Resources,1,Single,3931,2133,0,Y,No,8,4,2,80,0,31,5,4,7,7,2,7
25,No,Travel_Rarely,805,Research & Development,6,3,Technical Degree,1,872,2,Male,81,4,3,Healthcare Representative,3,Single,11716,8721,5,Y,No,11,3,1,80,3,8,3,2,8,3,2,7
60,Yes,Travel_Frequently,547,Human Resources,15,1,Medical,1,873,1,Male,72,1,4,Manager,4,Divorced,9346,9231,1,Y,Yes,24,3,1,80,2,42,2,2,14,8,0,7
33,Yes,Travel_Rarely,305,Research & Development,9,5,Life Sciences,1,874,1,Female,66,1,2,Laboratory Technician,1,Divorced,19481,3493,3,Y,Yes,23,4,4,80,1,14,4,4,14,8,3,5
34,Yes,Non-Travel,954,Sales,2,4,Life Sciences,1,875,1,Male,45,1,5,Sales Manager,2,Single,15671,15244,4,Y,Yes,22,3,3,80,0,17,0,2,6,1,1,6
39,No,Non-Travel,520,Research & Development,14,3,Medical,1,876,4,Female,99,3,3,Laboratory Technician,1,Divorced,5266,14522,0,Y,Yes,6,3,1,80,1,22,0,4,16,10,1,8
24,Yes,Travel_Frequently,1394,Sales,18,2,Marketing,1,877,2,Female,68,1,1,Sales Manager,4,Single,17052,12391,1,Y,No,9,4,4,80,1,4,3,3,3,2,2,3
45,Yes,Travel_Rarely,1413,Human Resources,20,1,Medical,1,878,1,Male,49,1,1,Human Resources,2,Divorced,10175,5898,1,Y,No,16,4,1,80,3,28,1,3,13,2,2,3
56,No,Travel_Rarely,384,Research & Development,11,2,Technical Degree,1,879,3,Female,76,4,5,Manufacturing Director,3,Divorced,2066,11273,2,Y,No,20,3,4,80,2,36,4,4,6,6,4,2
56,No,Travel_Rarely,1018,Research & Development,12,1,Marketing,1,880,2,Male,41,4,3,Healthcare Representative,3,Single,8036,16931,6,Y,No,9,4,4,80,3,35,0,3,12,6,4,3
18,Yes,Non-Travel,1011,Sales,1,1,Life Sciences,1,881,1,Female,43,4,3,Sales Manager,3,Single,18775,2168,6,Y,Yes,5,4,1,80,0,1,1,4,1,1,1,1
44,Yes,Non-Travel,681,Research & Development,8,5,Other,1,882,2,Male,31,3,3,Research Scientist,2,Single,7079,19565,2,Y,Yes,13,4,3,80,1,26,0,3,5,3,2,5
20,No,Non-Travel,1417,Research & Development,12,5,Life Sciences,1,883,3,Female,97,4,1,Research Director,1,Married,7397,21400,0,Y,Yes,9,3,3,80,0,1,4,4,1,1,1,1
47,No,Non-Travel,358,Research & Development,20,2,Human Resources,1,884,4,Male,95,3,1,Research Scientist,4,Single,12909,5132,4,Y,Yes,25,4,4,80,2,30,5,3,11,4,4,2
29,No,Non-Travel,1467,Human Resources,25,5,Other,1,885,2,Male,48,3,1,Human Resources,4,Divorced,5781,5189,5,Y,No,12,4,1,80,3,10,6,3,10,1,1,8
40,No,Non-Travel,413,Sales,19,5,Human Resources,1,886,4,Female,96,1,1,Sales Manager,1,Married,13773,21914,0,Y,No,22,4,1,80,2,21,2,4,20,7,0,5
32,No,Non-Travel,386,Research & Development,15,3,Technical Degree,1,887,2,Female,75,3,4,Research Scientist,4,Married,3919,9207,6,Y,No,25,3,4,80,2,10,5,2,8,7,1,5
37,No,Non-Travel,165,Research & Development,24,2,Marketing,1,888,1,Female,65,3,3,Healthcare Representative,3,Married,2156,4621,2,Y,No,19,3,3,80,1,17,6,2,6,4,4,6
38,No,Travel_Rarely,225,Human Resources,19,4,Marketing,1,889,3,Female,60,3,4,Human Resources,3,Married,16816,8976,6,Y,Yes,12,3,2,80,1,16,6,2,6,5,2,6
52,No,Travel_Frequently,303,Research & Development,14,4,Medical,1,890,1,Male,92,2,1,Research Director,3,Divorced,7175,11682,6,Y,Yes,10,3,1,80,1,31,3,4,20,10,1,8
40,No,Non-Travel,1300,Sales,13,2,Technical Degree,1,891,1,Male,50,3,2,Sales Manager,2,Divorced,9557,18387,3,Y,Yes,6,4,2,80,3,19,3,1,12,1,1,2
21,Yes,Travel_Rarely,476,Research & Development,20,2,Other,1,892,2,Male,73,2,3,Laboratory Technician,3,Divorced,2710,16099,7,Y,No,8,4,4,80,1,1,5,3,1,1,0,1
41,No,Non-Travel,1433,Human Resources,1,3,Life Sciences,1,893,3,Female,89,3,5,Manager,4,Divorced,14617,17252,4,Y,No,22,3,3,80,1,21,5,4,7,3,3,2
46,Yes,Non-Travel,805,Sales,22,1,Human Resources,1,894,2,Male,52,1,2,Sales Representative,1,Divorced,3914,23588,7,Y,No,20,4,2,80,0,27,6,1,14,7,6,6
21,Yes,Non-Travel,1388,Human Resources,3,1,Other,1,895,2,Female,91,3,2,Human Resources,2,Divorced,14660,22729,1,Y,No,18,3,2,80,1,2,5,2,2,2,2,1
40,Yes,Travel_Rarely,494,Human Resources,8,2,Technical Degree,1,896,3,Male,32,4,5,Manager,2,Single,12209,3312,7,Y,Yes,5,3,2,80,2,18,5,2,3,3,2,3
34,No,Non-Travel,1498,Human Resources,16,5,Other,1,897,2,Female,93,3,4,Manager,2,Married,8609,15524,8,Y,No,15,3,1,80,1,17,0,1,9,2,2,9
19,No,Travel_Rarely,747,Sales,15,2,Other,1,898,4,Female,74,3,3,Sales Representative,3,Married,11163,9228,3,Y,No,12,4,4,80,1,1,3,4,1,1,1,1
50,No,Travel_Frequently,946,Research & Development,12,4,Medical,1,899,3,Female,46,4,5,Research Director,1,Divorced,2190,20595,1,Y,No,18,4,2,80,2,28,6,1,10,7,2,6
46,No,Travel_Frequently,1278,Human Resources,15,4,Medical,1,900,2,Female,44,1,3,Human Resources,2,Divorced,6292,11868,9,Y,No,18,4,2,80,0,25,3,3,9,5,2,2
60,No,Non-Travel,1430,Human Resources,28,3,Technical Degree,1,901,2,Male,97,4,2,Manager,2,Married,9542,6389,8,Y,Yes,7,4,2,80,2,40,5,4,2,2,0,2
54,No,Non-Travel,331,Sales,13,1,Other,1,902,3,Female,38,1,4,Sales Representative,3,Married,2142,6532,3,Y,No,9,3,2,80,3,35,6,4,8,3,3,4
52,No,Non-Travel,523,Sales,26,2,Technical Degree,1,903,4,Male,78,3,5,Sales Manager,2,Single,4811,2285,8,Y,No,15,4,1,80,3,31,3,3,18,10,6,8
21,Yes,Travel_Rarely,1073,Human Resources,2,2,Marketing,1,904,2,Male,74,1,1,Manager,1,Single,5595,19386,0,Y,Yes,25,3,3,80,1,1,5,3,1,1,1,1
21,Yes,Non-Travel,1422,Sales,22,1,Marketing,1,905,3,Female,57,3,5,Sales Representative,1,Single,18877,17640,3,Y,Yes,14,4,2,80,2,1,4,1,1,1,1,1
43,Yes,Non-Travel,1244,Research & Development,3,3,Technical Degree,1,906,1,Female,56,1,4,Manufacturing Director,3,Married,19272,17850,9,Y,No,8,4,4,80,2,21,6,4,5,5,1,5
54,No,Travel_Rarely,867,Human Resources,3,4,Marketing,1,907,4,Female,54,3,2,Human Resources,3,Married,8795,10374,7,Y,No,16,3,4,80,1,32,4,2,11,1,1,9
33,No,Travel_Rarely,236,Research & Development,22,5,Human Resources,1,908,4,Male,72,4,2,Research Director,2,Divorced,3419,19675,2,Y,Yes,13,4,1,80,3,11,0,2,11,8,5,9
39,Yes,Travel_Rarely,1160,Sales,11,4,Medical,1,909,1,Male,77,2,4,Sales Representative,4,Single,6121,11824,1,Y,No,18,3,2,80,1,22,4,1,12,1,1,6
18,No,Travel_Rarely,1084,Research & Development,30,5,Other,1,910,1,Female,94,1,4,Manufacturing Director,4,Single,6203,14777,1,Y,Yes,11,3,1,80,3,1,0,2,1,1,1,1
35,Yes,Travel_Rarely,346,Sales,24,3,Other,1,911,3,Male,90,4,2,Sales Representative,4,Single,15998,5549,7,Y,No,17,4,4,80,0,18,3,4,15,8,1,10
57,Yes,Travel_Frequently,501,Sales,23,2,Medical,1,912,1,Female,88,2,1,Sales Representative,1,Divorced,13944,22451,5,Y,Yes,11,3,3,80,0,36,4,2,6,5,2,6
41,No,Travel_Frequently,912,Research & Development,19,2,Technical Degree,1,913,2,Female,49,1,3,Research Scientist,4,Married,4268,15731,1,Y,No,5,3,3,80,3,19,5,2,11,1,1,1
39,Yes,Travel_Rarely,1066,Sales,16,2,Medical,1,914,4,Female,41,4,5,Sales Representative,3,Divorced,15202,10262,1,Y,Yes,17,3,2,80,1,21,0,2,6,2,2,6
49,No,Travel_Rarely,694,Sales,13,4,Technical Degree,1,915,4,Male,30,1,5,Sales Executive,1,Divorced,6211,3290,8,Y,No,6,3,1,80,1,29,5,3,9,9,2,8
38,Yes,Travel_Rarely,961,Sales,29,1,Human Resources,1,916,1,Male,57,1,2,Sales Representative,1,Divorced,12494,14497,1,Y,Yes,24,3,1,80,1,19,4,1,7,1,1,4
56,Yes,Travel_Frequently,1213,Human Resources,2,5,Technical Degree,1,917,3,Male,53,1,1,Human Resources,2,Single,12980,22479,2,Y,Yes,6,3,4,80,2,38,3,4,8,6,4,2
44,No,Non-Travel,1037,Research & Development,22,5,Other,1,918,1,Female,30,1,1,Healthcare Representative,3,Single,10402,13386,6,Y,No,12,3,2,80,1,26,0,2,3,3,3,3
30,No,Travel_Frequently,829,Research & Development,10,5,Marketing,1,919,4,Female,33,4,5,Research Scientist,1,Divorced,15375,5402,2,Y,Yes,17,4,4,80,0,13,3,4,13,10,3,8
52,Yes,Travel_Frequently,476,Human Resources,21,2,Technical Degree,1,920,2,Male,84,1,1,Manager,4,Married,7207,16164,6,Y,No,18,4,4,80,0,35,3,1,6,6,6,3
53,Yes,Non-Travel,760,Human Resources,11,3,Human Resources,1,921,3,Male,93,2,3,Human Resources,1,Married,16215,14457,5,Y,No,14,3,3,80,0,35,0,1,16,8,7,3
46,No,Non-Travel,731,Human Resources,19,3,Technical Degree,1,922,1,Male,97,3,5,Human Resources,1,Married,5740,16042,5,Y,Yes,6,3,2,80,0,27,2,3,12,2,2,2
46,Yes,Travel_Frequently,1418,Human Resources,7,4,Life Sciences,1,923,3,Female,94,4,1,Human Resources,2,Married,4090,14826,0,Y,No,25,3,1,80,1,24,5,4,4,3,3,1
29,No,Travel_Rarely,453,Human Resources,6,2,Technical Degree,1,924,4,Male,79,3,1,Human Resources,3,Single,10574,23338,0,Y,No,18,3,2,80,0,7,6,4,7,4,0,3
38,No,Travel_Rarely,1422,Sales,22,1,Other,1,925,3,Female,68,3,4,Sales Representative,1,Divorced,13858,10295,7,Y,No,16,3,3,80,2,18,5,4,2,2,2,2
52,No,Travel_Rarely,1112,Human Resources,18,5,Medical,1,926,2,Female,57,3,5,Manager,2,Married,15647,16227,3,Y,No,17,4,1,80,1,35,3,4,12,9,6,3
18,No,Travel_Frequently,829,Sales,27,2,Other,1,927,1,Female,33,3,5,Sales Manager,2,Single,3037,12013,4,Y,Yes,15,3,3,80,1,1,3,4,1,1,1,1
18,Yes,Travel_Frequently,1465,Research & Development,15,2,Marketing,1,928,4,Male,30,1,2,Healthcare Representative,2,Married,13316,9919,7,Y,No,22,3,3,80,0,1,0,3,1,1,1,1
26,No,Travel_Rarely,1500,Human Resources,7,3,Life Sciences,1,929,1,Male,59,2,5,Human Resources,1,Married,10677,9333,5,Y,No,20,4,1,80,0,5,1,2,3,3,3,3
35,No,Travel_Frequently,1115,Sales,13,3,Medical,1,930,3,Male,58,3,2,Sales Representative,3,Married,13910,19318,2,Y,No,11,4,1,80,3,18,5,3,12,2,0,9
56,No,Travel_Rarely,1070,Research & Development,27,2,Marketing,1,931,2,Male,53,4,4,Research Scientist,2,Divorced,6447,19819,5,Y,Yes,8,4,4,80,2,36,3,3,8,8,0,7
26,No,Travel_Rarely,1146,Sales,29,3,Technical Degree,1,932,4,Male,86,1,2,Sales Representative,2,Divorced,5883,14853,1,Y,Yes,10,3,1,80,3,5,1,4,5,1,1,5
33,No,Non-Travel,1002,Sales,23,4,Other,1,933,3,Female,59,2,3,Sales Executive,2,Single,15722,24174,5,Y,No,8,3,1,80,2,16,4,3,16,10,2,3
23,Yes,Travel_Rarely,604,Research & Development,10,2,Life Sciences,1,934,4,Female,62,3,5,Research Director,4,Divorced,5508,6342,5,Y,Yes,20,4,4,80,1,1,4,2,1,1,1,1
39,Yes,Non-Travel,560,Sales,17,1,Other,1,935,4,Female,40,4,3,Sales Manager,1,Divorced,14206,3249,3,Y,No,25,3,1,80,1,22,0,3,10,4,4,10
55,No,Travel_Rarely,209,Research & Development,7,4,Human Resources,1,936,1,Male,94,2,3,Manufacturing Director,2,Divorced,4732,18029,2,Y,No,12,3,4,80,0,37,6,1,4,4,2,4
47,No,Travel_Rarely,215,Sales,1,1,Life Sciences,1,937,2,Female,62,1,5,Sales Executive,1,Married,8438,10983,7,Y,Yes,15,3,2,80,3,30,5,4,10,6,1,6
53,No,Travel_Frequently,1338,Sales,13,3,Other,1,938,3,Male,56,3,2,Sales Executive,1,Single,2278,10950,7,Y,No,18,4,2,80,2,34,6,2,2,2,0,2
24,Yes,Non-Travel,305,Human Resources,2,2,Human Resources,1,939,1,Male,99,1,4,Human Resources,2,Single,3969,12174,5,Y,Yes,10,3,2,80,1,2,6,3,2,2,2,2
53,No,Non-Travel,879,Sales,14,1,Other,1,940,4,Male,31,4,1,Sales Manager,4,Divorced,10045,17265,0,Y,Yes,21,4,2,80,3,32,0,1,18,10,1,8
23,No,Travel_Rarely,543,Sales,8,1,Life Sciences,1,941,1,Female,88,1,4,Sales Executive,1,Divorced,7908,2210,4,Y,No,21,4,3,80,0,5,2,3,5,1,1,2
44,No,Travel_Frequently,338,Sales,6,5,Technical Degree,1,942,2,Female,94,4,4,Sales Representative,3,Single,16619,18399,7,Y,No,18,3,4,80,0,25,1,1,16,2,2,8
42,No,Travel_Rarely,386,Sales,4,2,Life Sciences,1,943,1,Female,57,4,4,Sales Representative,3,Divorced,7435,24524,3,Y,Yes,25,4,3,80,1,24,3,4,17,8,4,1
31,No,Non-Travel,564,Research & Development,22,3,Other,1,944,4,Male,44,2,4,Research Scientist,3,Single,18756,21692,4,Y,No,17,4,4,80,3,10,6,1,4,4,2,4
42,Yes,Non-Travel,261,Research & Development,1,5,Technical Degree,1,945,2,Female,74,1,4,Laboratory Technician,4,Divorced,9438,20895,4,Y,Yes,10,3,1,80,1,24,2,4,8,8,3,7
20,No,Non-Travel,354,Human Resources,18,4,Other,1,946,4,Female,96,1,5,Human Resources,4,Single,17722,8310,7,Y,No,5,3,1,80,0,1,2,4,1,1,1,1
51,No,Travel_Rarely,938,Human Resources,6,4,Marketing,1,947,1,Female,72,1,5,Manager,4,Divorced,19900,15680,2,Y,No,16,3,1,80,0,29,1,4,16,2,1,5
33,Yes,Travel_Rarely,1346,Research & Development,15,2,Life Sciences,1,948,2,Male,82,1,4,Healthcare Representative,1,Married,11997,9140,2,Y,Yes,20,3,4,80,2,16,5,2,14,2,2,10
31,No,Non-Travel,1062,Sales,13,1,Technical Degree,1,949,3,Male,97,1,2,Sales Representative,1,Married,4519,12794,3,Y,Yes,13,3,2,80,1,14,5,4,7,7,1,4
36,No,Travel_Frequently,1336,Research & Development,20,3,Human Resources,1,950,4,Female,49,1,4,Research Director,3,Divorced,9137,6767,9,Y,Yes,15,4,1,80,1,18,2,2,4,3,3,4
34,No,Non-Travel,300,Human Resources,4,2,Life Sciences,1,951,1,Female,56,2,2,Human Resources,3,Married,10460,20181,8,Y,Yes,13,4,4,80,3,15,6,2,8,8,4,6
18,Yes,Travel_Frequently,165,Human Resources,19,4,Human Resources,1,952,3,Female,52,2,5,Manager,1,Divorced,11095,5526,6,Y,Yes,19,4,4,80,0,1,4,4,1,1,1,1
31,Yes,Travel_Frequently,371,Sales,5,4,Medical,1,953,2,Male,51,1,1,Sales Representative,1,Divorced,12014,23179,1,Y,Yes,10,4,4,80,3,12,1,2,8,5,0,3
37,No,Non-Travel,853,Human Resources,10,5,Life Sciences,1,954,4,Male,30,4,3,Manager,3,Single,10016,24862,8,Y,No,24,4,1,80,2,17,5,1,5,1,1,5
39,No,Travel_Rarely,179,Human Resources,12,1,Human Resources,1,955,3,Female,70,3,1,Manager,1,Married,17317,12192,3,Y,Yes,25,3,1,80,2,21,3,2,18,10,1,4
22,Yes,Non-Travel,882,Sales,24,2,Marketing,1,956,2,Male,78,2,5,Sales Representative,3,Divorced,17737,16181,9,Y,No,23,4,2,80,2,4,4,2,4,1,1,4
34,Yes,Travel_Rarely,1479,Human Resources,5,5,Medical,1,957,2,Male,52,4,5,Human Resources,2,Single,15914,18789,4,Y,No,11,4,3,80,1,17,1,2,5,5,0,5
41,No,Travel_Frequently,885,Sales,14,5,Technical Degree,1,958,4,Male,47,1,3,Sales Manager,3,Divorced,7786,20169,5,Y,Yes,15,4,2,80,0,21,6,3,6,5,3,6
40,Yes,Travel_Frequently,529,Sales,28,5,Human Resources,1,959,3,Male,71,4,3,Sales Manager,1,Divorced,12707,21691,0,Y,Yes,8,4,3,80,3,19,0,4,19,7,6,5
55,No,Travel_Rarely,1306,Human Resources,24,2,Human Resources,1,960,1,Female,98,4,2,Manager,4,Married,16744,22030,9,Y,Yes,23,4,1,80,2,38,5,4,13,7,6,7
45,No,Non-Travel,834,Sales,26,3,Human Resources,1,961,1,Male,83,3,1,Sales Executive,4,Single,17742,16160,8,Y,No,15,3,1,80,0,25,3,1,15,2,2,7
34,No,Travel_Frequently,936,Research & Development,17,3,Other,1,962,2,Male,59,1,5,Research Director,3,Single,15400,17875,5,Y,No,15,4,2,80,3,12,0,4,9,6,0,6
52,Yes,Non-Travel,716,Sales,28,4,Life Sciences,1,963,3,Male,95,2,2,Sales Executive,2,Married,14333,4337,3,Y,No,25,4,4,80,2,34,5,1,11,8,6,3
50,Yes,Travel_Rarely,103,Research & Development,18,1,Other,1,964,4,Female,67,2,1,Research Scientist,4,Single,8828,23060,9,Y,No,21,4,3,80,1,31,6,4,20,6,1,10
31,Yes,Travel_Rarely,600,Research & Development,10,4,Medical,1,965,2,Female,59,2,4,Laboratory Technician,2,Married,14370,5439,4,Y,No,22,3,3,80,1,10,5,4,10,5,5,9
21,No,Travel_Rarely,1010,Sales,29,1,Technical Degree,1,966,3,Female,98,4,3,Sales Representative,4,Single,14858,12261,6,Y,No,6,4,3,80,3,1,5,3,1,1,1,1
36,No,Non-Travel,676,Research & Development,25,5,Marketing,1,967,4,Female,33,4,4,Manufacturing Director,4,Single,17575,10688,3,Y,No,9,3,3,80,2,17,2,1,13,8,6,9
37,Yes,Non-Travel,831,Research & Development,21,3,Technical Degree,1,968,3,Male,94,3,1,Laboratory Technician,2,Single,15055,6915,0,Y,Yes,12,4,3,80,0,19,2,4,9,1,1,6
29,No,Travel_Rarely,1297,Sales,15,2,Technical Degree,1,969,3,Male,76,4,1,Sales Executive,1,Divorced,12081,15808,0,Y,No,7,3,1,80,0,11,5,1,3,2,0,3
46,No,Travel_Rarely,1045,Sales,14,4,Life Sciences,1,970,1,Female,82,2,3,Sales Manager,3,Married,11196,15103,1,Y,No,25,4,2,80,3,28,3,3,14,9,7,1
55,Yes,Travel_Frequently,685,Human Resources,8,5,Other,1,971,4,Female,32,2,3,Human Resources,2,Single,15854,12339,3,Y,Yes,13,4,2,80,1,33,2,1,6,6,2,6
31,No,Travel_Rarely,1124,Research & Development,28,4,Technical Degree,1,972,3,Male,73,3,4,Research Director,2,Divorced,16869,7493,3,Y,No,13,4,1,80,2,10,2,2,10,10,1,5
19,No,Non-Travel,517,Sales,18,2,Human Resources,1,973,1,Male,41,2,2,Sales Manager,2,Divorced,5129,8670,6,Y,No,16,3,3,80,2,1,1,3,1,1,1,1
44,No,Travel_Frequently,1282,Research & Development,6,1,Marketing,1,974,3,Female,96,4,5,Healthcare Representative,3,Divorced,3896,11947,1,Y,No,7,3,1,80,2,25,3,4,18,10,5,6
29,No,Travel_Frequently,487,Human Resources,29,2,Life Sciences,1,975,2,Male,63,3,3,Human Resources,1,Divorced,14621,6165,0,Y,Yes,24,3,3,80,0,12,5,4,2,2,1,2
21,Yes,Travel_Rarely,780,Sales,3,1,Human Resources,1,976,3,Male,75,1,4,Sales Executive,2,Single,4747,13876,1,Y,No,11,3,1,80,1,1,0,2,1,1,1,1
46,Yes,Travel_Rarely,586,Human Resources,20,1,Other,1,977,1,Female,69,2,1,Human Resources,2,Divorced,16160,12667,8,Y,Yes,14,3,4,80,3,26,2,3,11,6,6,7
37,Yes,Travel_Frequently,374,Sales,20,1,Life Sciences,1,978,2,Male,45,4,4,Sales Executive,2,Divorced,10193,15254,1,Y,No,22,3,1,80,3,15,2,4,2,2,2,2
42,No,Travel_Frequently,365,Research & Development,1,1,Human Resources,1,979,2,Female,46,1,4,Research Director,2,Single,18130,20063,0,Y,No,25,4,2,80,0,22,0,1,19,4,2,6
35,Yes,Non-Travel,778,Research & Development,5,4,Other,1,980,1,Female,95,4,2,Research Director,4,Divorced,3464,23054,9,Y,Yes,5,3,1,80,3,15,4,3,3,3,3,3
29,Yes,Travel_Rarely,1399,Sales,23,4,Marketing,1,981,4,Female,94,4,3,Sales Representative,3,Single,4733,21150,9,Y,No,21,4,2,80,3,9,0,1,2,2,0,2
40,Yes,Travel_Frequently,897,Human Resources,29,2,Human Resources,1,982,1,Female,36,2,5,Manager,1,Single,8750,15654,6,Y,No,25,3,1,80,3,20,4,2,14,10,3,2
35,Yes,Non-Travel,603,Sales,17,3,Other,1,983,1,Female,51,1,5,Sales Executive,3,Divorced,12572,20662,0,Y,Yes,14,4,4,80,0,14,2,1,11,2,2,9
26,No,Travel_Frequently,1239,Human Resources,2,3,Life Sciences,1,984,3,Male,62,4,4,Manager,4,Divorced,2256,18729,9,Y,Yes,21,4,2,80,1,6,2,2,6,3,3,6
28,No,Non-Travel,710,Research & Development,12,5,Life Sciences,1,985,4,Male,84,1,2,Healthcare Representative,3,Divorced,19536,17891,3,Y,No,18,4,3,80,1,6,3,2,6,6,5,6
54,Yes,Travel_Frequently,1130,Research & Development,7,4,Marketing,1,986,1,Female,92,3,2,Research Scientist,1,Divorced,7198,10996,1,Y,Yes,22,4,3,80,2,35,5,4,11,6,5,10
38,Yes,Travel_Rarely,1413,Human Resources,8,1,Human Resources,1,987,4,Male,85,4,4,Manager,2,Divorced,13737,12180,4,Y,Yes,8,4,1,80,2,20,4,1,14,6,5,2
50,No,Travel_Frequently,1208,Research & Development,16,1,Technical Degree,1,988,4,Male,57,4,1,Research Scientist,4,Single,11200,12004,2,Y,Yes,24,3,1,80,2,29,3,3,9,3,2,9
58,No,Non-Travel,919,Research & Development,27,1,Medical,1,989,3,Male,92,3,5,Research Director,4,Married,15078,5418,5,Y,Yes,16,4,1,80,0,37,1,3,15,4,4,9
20,No,Non-Travel,319,Sales,2,3,Other,1,990,2,Female,49,4,2,Sales Manager,3,Married,4063,19390,5,Y,No,16,4,1,80,3,3,0,2,3,3,3,3
59,No,Travel_Rarely,545,Human Resources,18,2,Life Sciences,1,991,4,Male,77,3,4,Manager,1,Divorced,10513,15030,2,Y,No,20,4,4,80,2,37,6,1,6,6,2,6
23,No,Non-Travel,794,Sales,5,5,Life Sciences,1,992,2,Male,56,3,3,Sales Representative,2,Divorced,7413,24026,9,Y,No,8,4,3,80,2,6,2,4,6,5,1,5
40,No,Travel_Rarely,1064,Sales,24,5,Life Sciences,1,993,2,Female,93,2,3,Sales Executive,1,Married,19597,5337,9,Y,No,15,4,3,80,2,20,3,1,7,5,3,7
33,No,Non-Travel,568,Sales,2,3,Medical,1,994,3,Female,66,1,4,Sales Manager,4,Single,16904,22137,0,Y,No,13,3,2,80,3,11,2,2,4,4,4,4
50,No,Travel_Rarely,410,Research & Development,4,3,Life Sciences,1,995,3,Female,60,3,3,Research Director,1,Married,12291,6737,6,Y,No,22,4,3,80,3,32,5,4,11,6,6,4
41,No,Travel_Frequently,1009,Research & Development,21,4,Technical Degree,1,996,3,Male,30,1,5,Laboratory Technician,4,Divorced,11894,11849,1,Y,No,5,4,4,80,2,20,2,1,14,3,3,4
49,No,Non-Travel,1045,Sales,17,1,Human Resources,1,997,1,Male,33,1,3,Sales Manager,1,Married,6019,8257,3,Y,Yes,24,4,4,80,2,30,4,3,10,6,6,1
20,No,Travel_Rarely,914,Sales,18,1,Technical Degree,1,998,4,Male,49,4,3,Sales Manager,4,Married,5206,5599,6,Y,No,16,3,2,80,0,3,1,3,3,3,3,3
33,No,Non-Travel,537,Human Resources,15,3,Other,1,999,1,Female,59,1,1,Manager,3,Divorced,4797,13318,2,Y,No,8,3,2,80,3,12,4,1,12,9,3,5
37,No,Travel_Rarely,501,Research & Development,16,3,Human Resources,1,1000,3,Male,31,2,4,Manufacturing Director,4,Married,2732,23764,9,Y,Yes,6,4,3,80,1,18,3,2,15,2,2,9
39,No,Travel_Frequently,281,Human Resources,25,4,Medical,1,1001,1,Male,46,2,5,Manager,3,Divorced,5397,24027,1,Y,Yes,9,3,2,80,2,18,6,3,17,9,6,7
23,Yes,Travel_Rarely,470,Human Resources,25,4,Other,1,1002,1,Male,77,3,3,Human Resources,1,Divorced,9037,24493,5,Y,Yes,15,4,1,80,2,4,0,3,4,4,4,4
46,Yes,Travel_Frequently,716,Sales,27,1,Other,1,1003,3,Male,42,1,1,Sales Executive,4,Divorced,18809,19598,8,Y,Yes,13,4,2,80,1,24,0,2,19,4,4,7
51,No,Non-Travel,1140,Sales,15,2,Marketing,1,1004,1,Male,91,4,1,Sales Executive,1,Single,2053,14939,2,Y,Yes,14,4,4,80,0,33,3,4,7,7,0,4
33,No,Travel_Rarely,401,Human Resources,21,2,Other,1,1005,3,Female,35,1,1,Manager,1,Married,18350,11238,7,Y,Yes,22,4,4,80,3,16,0,2,3,3,2,2
60,No,Travel_Rarely,572,Sales,10,3,Other,1,1006,1,Male,32,4,3,Sales Representative,2,Married,12580,14678,1,Y,Yes,13,3,3,80,3,42,2,2,20,2,2,1
56,No,Non-Travel,667,Human Resources,13,1,Life Sciences,1,1007,2,Female,52,1,3,Human Resources,4,Divorced,17150,5862,8,Y,No,15,3,2,80,0,35,1,3,19,7,7,1
26,No,Travel_Rarely,1216,Human Resources,26,4,Human Resources,1,1008,1,Male,59,1,5,Human Resources,4,Single,14060,18498,4,Y,No,14,3,3,80,3,8,1,4,1,1,1,1
48,Yes,Non-Travel,1212,Human Resources,29,3,Technical Degree,1,1009,4,Female,61,3,3,Human Resources,1,Married,6932,8206,2,Y,No,7,4,2,80,0,31,6,3,3,3,0,2
49,Yes,Non-Travel,775,Research & Development,29,1,Medical,1,1010,2,Male,41,3,4,Research Director,2,Married,2157,14850,9,Y,No,13,3,4,80,3,29,4,4,3,3,3,3
53,No,Travel_Rarely,1408,Human Resources,9,4,Technical Degree,1,1011,2,Female,90,2,1,Manager,3,Married,4622,9744,3,Y,No,6,3,4,80,0,33,2,4,11,10,7,4
34,Yes,Travel_Frequently,140,Human Resources,10,1,Marketing,1,1012,4,Female,73,1,5,Manager,3,Single,14681,11486,7,Y,Yes,10,4,3,80,0,17,3,4,7,2,1,6
21,No,Travel_Frequently,410,Sales,24,4,Technical Degree,1,1013,3,Female,51,3,3,Sales Representative,3,Divorced,16939,14694,5,Y,Yes,23,3,1,80,2,2,4,2,2,2,2,2
34,No,Travel_Frequently,939,Sales,19,3,Other,1,1014,4,Female,100,4,4,Sales Executive,4,Divorced,6332,17609,9,Y,Yes,6,4,3,80,3,13,0,4,13,2,2,9
44,No,Non-Travel,1234,Sales,22,2,Technical Degree,1,1015,2,Male,83,4,2,Sales Manager,3,Married,6260,7648,1,Y,Yes,10,3,2,80,3,22,1,2,15,4,4,2
33,Yes,Travel_Rarely,916,Human Resources,1,2,Human Resources,1,1016,4,Male,74,3,3,Human Resources,4,Single,2075,23442,6,Y,No,9,3,3,80,2,16,4,2,1,1,1,1
50,Yes,Travel_Rarely,318,Research & Development,17,4,Other,1,1017,2,Female,44,3,4,Research Scientist,3,Single,10041,20961,8,Y,Yes,25,3,3,80,2,30,1,3,10,9,7,6
46,No,Travel_Frequently,1308,Sales,17,2,Marketing,1,1018,4,Female,46,1,4,Sales Executive,1,Married,9493,7530,7,Y,No,8,3,1,80,3,28,4,3,13,1,1,1
31,No,Non-Travel,1280,Human Resources,27,4,Human Resources,1,1019,3,Male,44,3,2,Manager,1,Divorced,7691,17528,1,Y,Yes,23,4,4,80,3,11,1,1,6,5,5,6
52,No,Travel_Frequently,1443,Sales,16,1,Life Sciences,1,1020,3,Male,30,3,1,Sales Executive,3,Married,7217,4695,4,Y,No,20,4,1,80,1,32,2,4,3,3,0,3
60,Yes,Travel_Frequently,617,Sales,24,3,Technical Degree,1,1021,1,Male,65,4,4,Sales Executive,4,Single,16657,7597,0,Y,Yes,6,3,3,80,2,38,5,3,12,3,3,10
54,Yes,Travel_Frequently,1317,Research & Development,23,4,Medical,1,1022,1,Female,49,4,2,Healthcare Representative,3,Divorced,16595,9507,0,Y,No,9,4,3,80,3,35,4,1,2,2,2,2
41,No,Travel_Frequently,194,Sales,5,1,Human Resources,1,1023,2,Male,45,2,5,Sales Representative,2,Divorced,6282,20427,0,Y,Yes,9,4,2,80,3,23,6,4,5,5,1,5
54,No,Travel_Rarely,270,Human Resources,18,5,Marketing,1,1024,3,Male,66,4,5,Human Resources,4,Married,16536,21711,5,Y,No,10,3,3,80,0,34,6,1,4,2,2,4
37,Yes,Travel_Frequently,1020,Research & Development,3,5,Technical Degree,1,1025,2,Female,60,4,2,Manufacturing Director,3,Single,17395,23160,8,Y,No,18,4,3,80,2,19,5,2,8,2,2,5
39,No,Travel_Rarely,420,Sales,16,4,Human Resources,1,1026,2,Female,36,3,5,Sales Executive,3,Divorced,3409,9418,1,Y,Yes,13,3,4,80,3,19,0,4,13,5,3,9
54,No,Non-Travel,357,Sales,16,5,Life Sciences,1,1027,2,Female,76,1,3,Sales Manager,4,Single,6535,10575,6,Y,Yes,24,3,2,80,3,33,4,1,10,3,3,7
35,No,Travel_Rarely,962,Sales,6,3,Medical,1,1028,2,Male,31,3,1,Sales Executive,2,Single,12756,2377,2,Y,No,25,3,2,80,0,16,4,3,10,2,2,8
37,Yes,Travel_Frequently,445,Human Resources,14,5,Human Resources,1,1029,2,Male,51,4,3,Human Resources,4,Single,2651,16132,7,Y,Yes,10,4,3,80,3,18,0,1,3,3,3,3
54,No,Travel_Rarely,1101,Human Resources,14,1,Other,1,1030,3,Male,61,1,4,Human Resources,2,Divorced,18490,12645,1,Y,No,15,4,2,80,2,37,3,1,10,5,2,8
21,No,Travel_Rarely,1475,Human Resources,8,3,Marketing,1,1031,2,Female,53,4,5,Human Resources,3,Married,8947,24573,9,Y,Yes,16,3,4,80,1,2,1,2,2,1,1,2
33,Yes,Non-Travel,619,Sales,8,2,Marketing,1,1032,4,Male,32,2,2,Sales Executive,2,Married,17586,22759,6,Y,No,23,4,1,80,0,13,1,2,4,3,2,4
22,Yes,Travel_Rarely,1398,Research & Development,23,2,Medical,1,1033,3,Female,36,3,1,Research Director,4,Single,10741,10958,1,Y,Yes,9,3,3,80,0,2,0,1,2,2,2,1
41,No,Travel_Frequently,1351,Human Resources,3,3,Medical,1,1034,3,Male,62,1,4,Human Resources,4,Single,12160,4240,3,Y,Yes,24,4,3,80,0,24,3,3,12,1,1,4
43,Yes,Non-Travel,985,Human Resources,1,2,Human Resources,1,1035,4,Female,60,1,3,Human Resources,4,Single,13949,12352,6,Y,No,9,3,1,80,3,21,0,3,14,3,1,9
38,No,Travel_Rarely,186,Human Resources,29,3,Other,1,1036,4,Female,34,3,5,Manager,1,Divorced,18553,5581,1,Y,Yes,6,3,1,80,3,18,4,2,7,4,4,1
50,Yes,Travel_Rarely,281,Research & Development,8,5,Medical,1,1037,3,Male,97,1,4,Research Director,1,Divorced,13544,24447,8,Y,Yes,16,4,4,80,0,32,3,3,4,4,4,4
29,Yes,Travel_Frequently,531,Human Resources,21,4,Medical,1,1038,2,Male,75,4,2,Manager,1,Single,17011,15761,8,Y,No,14,3,2,80,0,7,6,1,7,7,2,4
51,No,Travel_Rarely,990,Sales,15,3,Marketing,1,1039,3,Female,78,4,5,Sales Manager,1,Single,3157,19263,1,Y,Yes,21,4,3,80,1,31,0,4,13,8,4,10
40,No,Travel_Rarely,133,Human Resources,8,3,Other,1,1040,3,Female,34,4,4,Manager,2,Single,6802,6413,1,Y,No,16,4,2,80,1,22,5,4,2,2,2,2
33,Yes,Non-Travel,1478,Sales,19,2,Life Sciences,1,1041,1,Male,49,3,5,Sales Representative,2,Divorced,17744,2413,2,Y,No,8,3,3,80,3,14,2,3,4,4,4,4
21,Yes,Travel_Frequently,873,Human Resources,28,5,Life Sciences,1,1042,3,Female,42,2,5,Human Resources,2,Married,12153,14836,7,Y,Yes,11,3,2,80,1,2,0,1,2,2,2,2
36,Yes,Travel_Rarely,946,Sales,23,2,Human Resources,1,1043,3,Male,79,2,2,Sales Manager,1,Married,10895,7000,4,Y,No,21,4,4,80,0,14,1,2,14,10,6,6
38,No,Non-Travel,477,Research & Development,29,1,Medical,1,1044,1,Female,76,3,1,Laboratory Technician,2,Single,5345,4582,4,Y,No,16,3,1,80,1,16,0,3,12,7,7,8
20,Yes,Travel_Rarely,269,Research & Development,16,2,Human Resources,1,1045,3,Male,71,3,5,Manufacturing Director,3,Single,15640,6605,9,Y,Yes,20,4,3,80,2,1,0,2,1,1,1,1
34,Yes,Travel_Rarely,325,Sales,8,5,Human Resources,1,1046,1,Male,98,4,1,Sales Executive,3,Married,4414,3034,7,Y,No,9,4,1,80,1,12,5,2,10,6,0,4
23,Yes,Travel_Frequently,1247,Human Resources,11,4,Life Sciences,1,1047,1,Male,100,1,1,Human Resources,2,Married,15408,23924,6,Y,Yes,11,4,3,80,1,6,2,1,6,3,3,6
22,Yes,Non-Travel,734,Research & Development,23,5,Other,1,1048,1,Male,69,4,1,Research Director,3,Single,2072,16759,3,Y,Yes,6,4,1,80,2,1,3,4,1,1,1,1
50,Yes,Travel_Rarely,771,Research & Development,25,2,Life Sciences,1,1049,3,Female,90,4,1,Laboratory Technician,1,Divorced,16998,21649,6,Y,No,13,3,2,80,2,30,6,2,11,8,2,3
57,Yes,Travel_Rarely,108,Research & Development,24,5,Medical,1,1050,4,Female,79,4,1,Healthcare Representative,3,Single,4320,2554,9,Y,Yes,12,3,2,80,1,37,5,1,3,3,3,3
43,No,Travel_Frequently,176,Research & Development,11,1,Life Sciences,1,1051,4,Male,79,3,5,Healthcare Representative,3,Single,14981,11457,4,Y,No,5,3,4,80,3,24,4,4,4,3,3,4
42,Yes,Travel_Rarely,1010,Research & Development,26,3,Human Resources,1,1052,3,Female,92,3,1,Manufacturing Director,2,Divorced,4353,9271,1,Y,Yes,25,4,2,80,1,20,3,1,2,2,2,1
22,Yes,Travel_Frequently,784,Sales,1,5,Other,1,1053,2,Female,84,2,1,Sales Executive,3,Single,13687,16671,2,Y,Yes,13,3,4,80,2,1,2,3,1,1,1,1
24,No,Non-Travel,812,Human Resources,29,1,Medical,1,1054,2,Female,57,4,3,Human Resources,1,Divorced,15245,14645,0,Y,No,8,4,4,80,1,4,4,2,4,4,2,4
27,No,Travel_Frequently,1233,Human Resources,13,4,Other,1,1055,2,Female,88,1,2,Human Resources,3,Divorced,14714,23750,5,Y,No,7,4,2,80,2,10,6,1,8,8,2,8
42,No,Travel_Rarely,895,Sales,28,4,Life Sciences,1,1056,3,Female,47,2,5,Sales Representative,3,Single,5979,13108,3,Y,Yes,5,4,4,80,0,22,3,3,15,10,2,2
52,No,Non-Travel,1207,Human Resources,28,1,Marketing,1,1057,3,Female,80,3,3,Manager,2,Single,5245,15026,3,Y,Yes,23,3,1,80,3,34,0,3,8,5,2,8
21,No,Travel_Rarely,616,Human Resources,3,1,Life Sciences,1,1058,1,Male,95,2,1,Human Resources,1,Single,10451,4683,6,Y,No,9,3,2,80,2,1,4,2,1,1,1,1
42,No,Non-Travel,1386,Sales,2,5,Technical Degree,1,1059,4,Male,61,3,2,Sales Executive,1,Divorced,17276,22582,4,Y,Yes,18,4,2,80,1,25,0,2,9,9,1,8
19,Yes,Travel_Rarely,636,Human Resources,13,1,Human Resources,1,1060,4,Female,44,2,3,Manager,2,Single,15548,24619,1,Y,No,25,4,3,80,0,2,3,1,2,1,1,2
18,No,Travel_Frequently,458,Human Resources,6,2,Human Resources,1,1061,3,Male,78,3,5,Human Resources,2,Single,5332,21742,5,Y,No,12,4,2,80,1,1,1,3,1,1,1,1
34,No,Travel_Frequently,627,Research & Development,4,5,Marketing,1,1062,4,Female,33,3,5,Manufacturing Director,4,Divorced,15961,21824,1,Y,No,21,3,1,80,3,12,2,3,10,4,3,1
60,Yes,Travel_Frequently,899,Research & Development,2,4,Other,1,1063,2,Male,60,4,5,Manufacturing Director,4,Divorced,10730,17334,2,Y,Yes,10,3,4,80,3,40,1,1,19,2,2,1
50,Yes,Travel_Frequently,1332,Research & Development,20,5,Life Sciences,1,1064,1,Female,75,3,3,Healthcare Representative,2,Single,8408,18019,9,Y,Yes,23,4,3,80,2,32,2,4,16,8,3,8
48,No,Travel_Rarely,428,Research & Development,13,4,Life Sciences,1,1065,3,Male,56,1,4,Healthcare Representative,4,Married,11557,8815,7,Y,Yes,5,3,2,80,1,29,5,1,4,2,2,4
28,Yes,Non-Travel,1403,Human Resources,2,5,Medical,1,1066,3,Female,86,3,2,Manager,2,Divorced,7628,9521,7,Y,Yes,18,4,2,80,1,11,3,1,11,9,3,2
57,Yes,Travel_Frequently,768,Research & Development,3,5,Marketing,1,1067,3,Female,38,3,4,Healthcare Representative,1,Single,14961,7144,6,Y,Yes,24,4,1,80,2,40,2,1,6,6,6,4
25,Yes,Non-Travel,364,Human Resources,7,5,Marketing,1,1068,1,Female,60,2,2,Human Resources,2,Divorced,6411,12559,0,Y,No,6,3,3,80,3,3,6,2,3,3,0,3
47,No,Travel_Frequently,1353,Sales,4,5,Life Sciences,1,1069,2,Female,79,1,2,Sales Manager,2,Single,15968,20289,6,Y,No,20,4,1,80,0,30,2,3,13,4,1,7
22,Yes,Non-Travel,1443,Sales,1,1,Technical Degree,1,1070,4,Male,42,2,5,Sales Representative,2,Married,12787,18049,8,Y,Yes,18,4,1,80,3,2,2,2,2,2,0,2
18,No,Non-Travel,372,Human Resources,11,5,Technical Degree,1,1071,4,Female,100,4,1,Manager,3,Single,7329,3572,2,Y,Yes,15,3,2,80,1,1,2,3,1,1,1,1
37,No,Non-Travel,1137,Human Resources,25,2,Marketing,1,1072,4,Female,85,2,5,Human Resources,1,Married,12464,7949,1,Y,No,19,4,2,80,2,15,3,1,4,4,2,4
19,Yes,Non-Travel,853,Human Resources,27,3,Marketing,1,1073,1,Male,72,2,5,Human Resources,3,Single,9215,24679,8,Y,No,14,4,3,80,3,1,3,4,1,1,1,1
56,No,Travel_Rarely,896,Human Resources,15,2,Technical Degree,1,1074,1,Male,30,4,1,Human Resources,1,Single,4875,20005,6,Y,Yes,23,4,3,80,2,35,1,2,15,5,5,2
30,No,Travel_Rarely,675,Sales,15,5,Human Resources,1,1075,2,Female,79,4,1,Sales Executive,4,Divorced,18247,5467,6,Y,No,8,3,1,80,1,13,5,3,3,3,3,1
32,No,Travel_Frequently,580,Human Resources,21,4,Other,1,1076,1,Male,89,1,2,Manager,4,Divorced,10460,14973,8,Y,No,12,3,2,80,2,14,4,4,14,7,1,9
57,No,Non-Travel,889,Human Resources,28,3,Technical Degree,1,1077,4,Female,73,3,3,Manager,3,Married,6438,11332,0,Y,No,25,3,1,80,2,38,0,4,13,10,2,7
55,Yes,Travel_Rarely,1463,Human Resources,17,5,Marketing,1,1078,2,Male,100,3,4,Human Resources,3,Divorced,15652,4360,5,Y,Yes,17,4,1,80,3,36,6,4,17,4,4,6
46,Yes,Travel_Frequently,404,Sales,1,4,Technical Degree,1,1079,1,Male,54,3,2,Sales Executive,2,Divorced,7135,8467,0,Y,No,21,4,2,80,2,27,4,4,17,9,3,7
53,Yes,Travel_Frequently,1474,Research & Development,26,1,Other,1,1080,3,Female,72,2,1,Laboratory Technician,1,Divorced,12274,5895,6,Y,Yes,14,4,2,80,1,33,1,2,7,3,3,4
49,No,Travel_Frequently,183,Sales,12,4,Human Resources,1,1081,2,Male,82,1,5,Sales Executive,4,Married,3204,5720,5,Y,No,20,4,3,80,1,29,6,3,12,8,0,3
48,No,Travel_Frequently,929,Human Resources,5,2,Life Sciences,1,1082,1,Female,43,2,5,Human Resources,3,Single,16339,7040,7,Y,No,10,3,4,80,0,31,2,3,1,1,1,1
40,Yes,Travel_Frequently,1123,Sales,11,1,Marketing,1,1083,2,Male,93,2,3,Sales Representative,2,Divorced,2216,17967,0,Y,Yes,22,4,4,80,2,19,6,4,14,4,4,7
56,No,Travel_Rarely,406,Research & Development,19,4,Life Sciences,1,1084,1,Male,37,3,2,Healthcare Representative,4,Married,8021,20488,6,Y,Yes,19,4,1,80,1,39,6,4,5,5,0,3
47,No,Non-Travel,1327,Human Resources,7,1,Marketing,1,1085,1,Male,90,2,2,Human Resources,2,Divorced,16300,7360,9,Y,Yes,8,4,2,80,0,26,4,2,9,5,0,8
28,No,Non-Travel,397,Research & Development,16,5,Medical,1,1086,3,Female,95,4,3,Research Scientist,2,Divorced,6126,9640,1,Y,No,25,4,4,80,1,7,2,1,6,6,0,1
38,No,Non-Travel,963,Sales,13,5,Human Resources,1,1087,4,Female,100,4,5,Sales Executive,3,Divorced,7485,3737,3,Y,No,14,4,3,80,1,17,5,2,6,6,0,2
18,Yes,Travel_Frequently,1226,Sales,21,1,Other,1,1088,3,Female,89,4,4,Sales Representative,1,Divorced,16845,24769,4,Y,No,13,4,4,80,1,1,6,1,1,1,1,1
48,No,Non-Travel,1149,Research & Development,18,1,Technical Degree,1,1089,1,Female,48,3,5,Laboratory Technician,4,Married,6467,15141,4,Y,Yes,7,4,1,80,3,27,2,1,13,9,0,10
22,Yes,Non-Travel,1054,Human Resources,3,3,Technical Degree,1,1090,2,Female,97,3,5,Manager,3,Single,6729,8255,6,Y,No,8,3,2,80,0,3,5,3,3,3,3,2
43,Yes,Travel_Frequently,919,Research & Development,1,5,Human Resources,1,1091,4,Male,92,1,5,Healthcare Representative,4,Single,18857,5367,8,Y,No,16,3,1,80,2,24,3,1,1,1,1,1
32,Yes,Travel_Rarely,237,Sales,23,5,Human Resources,1,1092,4,Male,41,1,4,Sales Manager,1,Married,12732,3146,2,Y,No,23,3,1,80,3,15,4,4,10,7,1,1
29,No,Non-Travel,1481,Sales,22,1,Medical,1,1093,3,Male,52,4,3,Sales Manager,4,Married,2391,22319,3,Y,No,20,4,3,80,3,12,6,2,12,3,0,2
46,No,Travel_Frequently,815,Research & Development,21,2,Marketing,1,1094,1,Female,57,3,5,Manufacturing Director,2,Married,5702,16444,2,Y,Yes,14,3,2,80,2,24,6,4,10,2,2,5
45,No,Travel_Frequently,1037,Human Resources,22,5,Other,1,1095,4,Female,68,3,4,Manager,1,Divorced,4896,21618,6,Y,Yes,6,4,3,80,0,23,4,3,17,6,5,8
31,No,Travel_Rarely,629,Sales,9,4,Medical,1,1096,1,Female,77,4,1,Sales Manager,1,Divorced,7985,9978,4,Y,Yes,15,3,1,80,2,11,5,1,1,1,1,1
51,Yes,Travel_Frequently,1463,Sales,8,1,Human Resources,1,1097,1,Female,56,3,4,Sales Representative,1,Divorced,18386,3714,2,Y,No,19,3,2,80,2,29,5,2,8,6,6,2
40,No,Travel_Frequently,1063,Sales,17,2,Life Sciences,1,1098,3,Female,62,4,3,Sales Representative,4,Divorced,11237,21950,7,Y,Yes,22,4,1,80,1,22,1,3,4,4,2,2
24,Yes,Travel_Rarely,655,Human Resources,14,5,Marketing,1,1099,4,Female,74,4,2,Manager,4,Divorced,3553,6720,1,Y,No,24,3,4,80,0,5,3,4,5,5,5,5
39,Yes,Travel_Frequently,1333,Research & Development,30,3,Life Sciences,1,1100,2,Female,85,1,1,Research Director,3,Married,12757,7963,2,Y,Yes,19,4,4,80,0,22,4,2,19,4,4,1
35,Yes,Non-Travel,591,Research & Development,30,4,Human Resources,1,1101,3,Female,37,3,3,Manufacturing Director,1,Married,6335,17248,1,Y,No,5,4,3,80,3,15,0,2,14,9,6,3
26,Yes,Travel_Frequently,1035,Research & Development,6,3,Medical,1,1102,2,Female,75,1,2,Research Scientist,1,Divorced,11773,15709,7,Y,Yes,11,3,2,80,3,4,3,1,4,4,2,4
49,No,Travel_Frequently,986,Sales,28,4,Life Sciences,1,1103,2,Male,71,2,3,Sales Manager,3,Married,13588,11714,8,Y,No,7,3,2,80,2,29,1,1,17,7,6,4
20,No,Travel_Frequently,596,Human Resources,27,3,Technical Degree,1,1104,1,Female,40,4,2,Manager,2,Divorced,3456,23949,8,Y,Yes,12,3,2,80,1,1,0,2,1,1,1,1
42,No,Non-Travel,1047,Human Resources,14,2,Technical Degree,1,1105,4,Female,78,1,5,Manager,4,Married,19340,2952,8,Y,Yes,12,3,2,80,3,25,3,3,11,3,3,3
18,No,Travel_Rarely,1419,Research & Development,8,5,Medical,1,1106,3,Female,34,2,3,Research Director,3,Single,18374,3832,5,Y,Yes,13,4,4,80,2,1,0,2,1,1,1,1
32,Yes,Travel_Rarely,1336,Sales,2,5,Marketing,1,1107,3,Male,58,1,3,Sales Executive,1,Single,19078,20967,2,Y,Yes,19,4,1,80,1,12,3,4,11,6,4,7
55,Yes,Travel_Rarely,567,Human Resources,13,3,Technical Degree,1,1108,3,Female,56,2,2,Manager,3,Divorced,18366,8141,9,Y,No,10,3,3,80,3,33,5,4,10,5,4,7
60,Yes,Non-Travel,522,Human Resources,14,2,Other,1,1109,2,Female,37,2,3,Manager,1,Single,12585,4789,4,Y,No,9,3,1,80,2,38,5,2,16,7,0,9
42,No,Travel_Rarely,547,Sales,29,2,Medical,1,1110,4,Male,56,3,5,Sales Representative,4,Divorced,13992,16976,8,Y,No,13,3,1,80,0,20,5,2,2,2,0,2
50,Yes,Travel_Rarely,1352,Sales,23,3,Technical Degree,1,1111,2,Female,77,3,4,Sales Manager,4,Single,13247,14053,9,Y,Yes,5,4,2,80,2,33,3,1,10,6,6,6
41,No,Non-Travel,1431,Human Resources,24,5,Medical,1,1112,3,Female,70,1,2,Manager,3,Single,14922,5154,5,Y,No,7,3,4,80,2,20,5,3,2,2,2,2
21,Yes,Travel_Rarely,842,Human Resources,7,2,Technical Degree,1,1113,3,Male,60,3,5,Manager,1,Single,8178,7646,0,Y,No,7,3,2,80,2,3,6,2,3,3,3,1
59,Yes,Travel_Rarely,155,Research & Development,23,3,Life Sciences,1,1114,2,Male,66,1,5,Research Scientist,2,Divorced,4003,17677,2,Y,No,24,4,2,80,0,39,2,3,16,10,5,10
53,Yes,Travel_Rarely,975,Human Resources,3,2,Marketing,1,1115,2,Male,99,4,3,Human Resources,3,Single,17128,15631,3,Y,Yes,7,3,2,80,2,32,6,1,20,10,6,3
28,No,Travel_Rarely,1420,Research & Development,19,2,Human Resources,1,1116,3,Male,97,4,1,Laboratory Technician,3,Divorced,19859,4301,4,Y,Yes,23,4,2,80,0,10,0,2,2,2,0,2
55,Yes,Travel_Rarely,1101,Human Resources,18,2,Life Sciences,1,1117,1,Male,36,1,2,Human Resources,2,Divorced,15064,11843,3,Y,No,7,4,1,80,2,33,4,1,15,3,3,7
38,Yes,Travel_Rarely,624,Research & Development,26,2,Other,1,1118,4,Male,96,1,1,Laboratory Technician,4,Single,4510,17556,4,Y,No,17,4,3,80,1,20,2,2,12,7,0,8
22,Yes,Travel_Frequently,1274,Sales,17,2,Life Sciences,1,1119,4,Female,78,4,2,Sales Executive,1,Divorced,8159,8742,1,Y,No,6,4,1,80,3,1,4,3,1,1,1,1
56,No,Travel_Frequently,154,Human Resources,15,5,Medical,1,1120,2,Female,93,4,2,Human Resources,2,Married,2291,4152,0,Y,Yes,13,3,2,80,1,34,2,2,16,2,2,9
43,Yes,Travel_Frequently,481,Sales,29,4,Marketing,1,1121,3,Female,48,3,5,Sales Manager,3,Divorced,18150,19190,2,Y,Yes,15,3,3,80,1,22,6,3,15,6,0,10
25,No,Travel_Rarely,397,Human Resources,18,2,Marketing,1,1122,2,Female,60,3,2,Human Resources,4,Single,8308,19428,8,Y,No,5,3,3,80,3,4,2,4,4,4,3,4
35,Yes,Travel_Rarely,781,Sales,25,4,Other,1,1123,4,Female,74,4,4,Sales Executive,1,Divorced,16987,7526,1,Y,No,23,4,1,80,1,14,2,3,2,2,2,2
24,Yes,Travel_Frequently,1203,Research & Development,4,3,Marketing,1,1124,1,Male,78,4,4,Research Director,2,Divorced,15568,5875,4,Y,Yes,8,4,4,80,1,7,0,1,7,7,1,2
19,No,Travel_Rarely,1025,Human Resources,6,3,Other,1,1125,3,Female,41,3,4,Manager,3,Married,18378,10746,6,Y,No,5,3,3,80,2,1,6,3,1,1,1,1
45,No,Travel_Frequently,646,Research & Development,5,2,Life Sciences,1,1126,4,Male,46,2,5,Research Scientist,2,Single,17452,24625,2,Y,No,8,4,3,80,3,26,4,1,5,4,4,5
58,Yes,Travel_Rarely,631,Sales,22,5,Medical,1,1127,2,Female,32,3,5,Sales Executive,4,Single,15495,9882,5,Y,No,13,4,4,80,0,36,0,1,18,2,1,4
49,No,Travel_Frequently,701,Human Resources,12,5,Marketing,1,1128,2,Female,47,4,3,Human Resources,4,Divorced,12790,4770,4,Y,Yes,20,4,3,80,1,29,4,2,20,7,6,10
25,Yes,Travel_Rarely,1480,Sales,19,1,Other,1,1129,4,Female,45,2,3,Sales Executive,3,Divorced,12257,15411,4,Y,Yes,11,3,4,80,2,8,5,1,8,8,2,4
46,No,Travel_Rarely,1245,Research & Development,13,5,Life Sciences,1,1130,3,Male,66,2,3,Healthcare Representative,3,Married,11887,4944,1,Y,Yes,14,3,2,80,2,29,5,2,8,1,1,8
52,Yes,Travel_Frequently,1067,Human Resources,7,3,Technical Degree,1,1131,4,Female,42,1,5,Manager,1,Divorced,16953,4712,0,Y,Yes,15,3,3,80,0,31,5,1,14,6,6,5
54,No,Travel_Rarely,843,Research & Development,13,4,Life Sciences,1,1132,3,Male,68,2,4,Research Director,2,Single,16990,7651,1,Y,No,14,4,2,80,2,32,5,4,19,9,3,1
53,Yes,Travel_Frequently,1430,Sales,5,1,Life Sciences,1,1133,4,Female,33,4,5,Sales Manager,1,Married,4835,20042,5,Y,Yes,10,3,4,80,0,32,3,4,6,6,1,3
45,No,Non-Travel,486,Research & Development,14,2,Human Resources,1,1134,1,Female,90,4,3,Healthcare Representative,2,Divorced,2454,2315,4,Y,No,23,3,4,80,3,26,4,1,17,3,1,1
45,No,Travel_Rarely,1001,Human Resources,17,1,Technical Degree,1,1135,1,Male,82,3,5,Human Resources,4,Single,19721,24417,4,Y,No,10,4,3,80,1,27,6,3,5,5,5,5
46,No,Travel_Frequently,1282,Sales,17,4,Technical Degree,1,1136,3,Male,74,3,3,Sales Manager,2,Married,17618,2114,2,Y,No,6,3,2,80,0,28,1,1,4,4,4,4
43,Yes,Non-Travel,1045,Human Resources,30,2,Medical,1,1137,1,Male,63,3,3,Manager,4,Single,3081,3285,5,Y,Yes,17,3,3,80,2,24,5,2,8,4,0,8
43,No,Travel_Rarely,935,Sales,25,1,Medical,1,1138,2,Female,56,4,5,Sales Manager,2,Married,15088,8361,9,Y,No,9,4,3,80,1,25,1,2,1,1,1,1
28,Yes,Travel_Rarely,208,Sales,25,2,Medical,1,1139,2,Male,30,2,2,Sales Manager,3,Married,17451,19800,9,Y,No,23,4,1,80,1,7,5,2,4,1,1,4
30,No,Travel_Frequently,1381,Research & Development,9,2,Other,1,1140,1,Male,31,4,5,Healthcare Representative,3,Single,19938,10827,5,Y,No,19,3,1,80,1,11,3,4,3,3,3,3
59,Yes,Non-Travel,991,Sales,12,3,Other,1,1141,4,Female,67,2,3,Sales Representative,2,Married,7155,2986,7,Y,Yes,15,3,4,80,1,42,4,3,18,4,4,10
26,Yes,Travel_Frequently,437,Research & Development,22,5,Life Sciences,1,1142,3,Male,42,4,4,Healthcare Representative,3,Divorced,9799,21459,8,Y,No,21,4,1,80,3,5,1,1,5,2,2,1
45,No,Non-Travel,977,Human Resources,10,5,Technical Degree,1,1143,1,Female,61,1,4,Human Resources,2,Divorced,19429,6663,7,Y,Yes,22,4,3,80,3,26,2,2,16,2,2,10
42,No,Travel_Frequently,1359,Sales,15,1,Marketing,1,1144,3,Male,73,2,4,Sales Manager,3,Single,10426,21545,4,Y,No,14,3,3,80,1,21,2,4,19,7,3,10
59,Yes,Non-Travel,878,Research & Development,2,1,Technical Degree,1,1145,4,Female,78,4,4,Healthcare Representative,2,Single,8685,9256,2,Y,Yes,10,4,2,80,1,42,5,2,3,1,1,3
50,No,Non-Travel,1163,Human Resources,26,5,Medical,1,1146,2,Female,85,2,4,Human Resources,4,Married,19980,14986,1,Y,No,5,4,3,80,3,32,6,3,4,1,0,4
53,No,Non-Travel,949,Sales,16,4,Human Resources,1,1147,3,Male,67,1,3,Sales Manager,3,Divorced,5169,23526,6,Y,No,16,3,4,80,2,31,5,2,20,1,1,8
54,No,Travel_Frequently,994,Human Resources,29,4,Medical,1,1148,3,Female,74,4,5,Human Resources,4,Married,14746,4879,0,Y,Yes,22,3,4,80,3,37,4,1,11,3,0,6
35,Yes,Travel_Frequently,590,Human Resources,7,3,Life Sciences,1,1149,4,Male,35,3,5,Manager,2,Married,6908,18760,8,Y,Yes,23,4,3,80,2,13,2,2,13,3,3,1
51,No,Travel_Rarely,192,Research & Development,2,3,Medical,1,1150,4,Female,56,3,1,Laboratory Technician,4,Divorced,19888,12817,3,Y,Yes,14,4,1,80,2,33,4,3,15,2,0,9
43,Yes,Travel_Frequently,190,Sales,24,3,Technical Degree,1,1151,4,Female,60,3,5,Sales Manager,1,Married,13076,20826,1,Y,No,17,4,1,80,0,24,6,1,3,3,2,2
51,No,Non-Travel,1300,Research & Development,4,2,Marketing,1,1152,1,Male,73,1,4,Healthcare Representative,1,Single,7483,17791,3,Y,No,11,3,2,80,3,33,6,3,11,6,0,1
24,Yes,Travel_Frequently,788,Sales,19,5,Life Sciences,1,1153,4,Male,45,4,1,Sales Manager,1,Married,13673,20860,9,Y,No,8,3,4,80,2,2,0,4,2,2,2,1
18,No,Non-Travel,525,Research & Development,16,2,Human Resources,1,1154,2,Female,47,3,5,Laboratory Technician,2,Divorced,9209,4432,1,Y,Yes,11,4,1,80,2,1,0,3,1,1,1,1
31,No,Travel_Rarely,239,Sales,5,1,Technical Degree,1,1155,1,Female,53,2,5,Sales Representative,4,Divorced,5480,15582,7,Y,No,9,3,3,80,2,11,3,1,11,1,1,7
23,No,Non-Travel,472,Sales,22,1,Human Resources,1,1156,1,Male,71,2,1,Sales Executive,4,Single,3942,13703,2,Y,No,23,4,2,80,0,6,0,2,6,6,3,4
39,No,Travel_Frequently,804,Human Resources,4,5,Other,1,1157,2,Female,50,1,1,Human Resources,4,Divorced,3010,4918,9,Y,No,7,3,1,80,3,20,3,1,18,1,1,6
53,No,Travel_Frequently,1254,Sales,20,3,Other,1,1158,4,Male,71,1,5,Sales Executive,1,Married,15921,10638,7,Y,Yes,13,4,3,80,0,31,3,1,9,1,1,5
47,No,Travel_Frequently,393,Human Resources,21,4,Technical Degree,1,1159,4,Female,32,4,5,Human Resources,4,Married,11995,11514,0,Y,Yes,24,4,2,80,2,28,6,3,9,3,3,2
58,Yes,Non-Travel,352,Human Resources,2,4,Technical Degree,1,1160,2,Female,90,1,5,Human Resources,4,Married,15135,11617,1,Y,Yes,17,4,2,80,2,39,3,4,10,8,2,9
42,No,Travel_Frequently,355,Sales,17,5,Technical Degree,1,1161,4,Female,80,4,2,Sales Executive,3,Single,3506,14110,2,Y,No,17,3,1,80,2,22,0,2,13,9,6,8
49,No,Non-Travel,757,Research & Development,7,1,Other,1,1162,4,Male,96,1,2,Research Director,2,Single,19072,22293,5,Y,Yes,14,4,1,80,2,28,6,3,11,7,0,1
27,No,Non-Travel,1354,Research & Development,24,3,Other,1,1163,2,Male,59,2,2,Research Director,1,Divorced,12793,11442,1,Y,No,9,3,1,80,0,9,1,1,9,6,6,1
32,No,Travel_Rarely,404,Research & Development,23,1,Marketing,1,1164,1,Male,42,2,4,Healthcare Representative,2,Married,3478,5760,3,Y,Yes,18,3,4,80,1,15,4,1,15,8,2,5
20,Yes,Non-Travel,361,Sales,22,3,Medical,1,1165,4,Female,83,2,4,Sales Representative,2,Single,13364,8986,5,Y,Yes,14,3,3,80,3,1,2,3,1,1,1,1
38,No,Travel_Frequently,1234,Sales,1,1,Life Sciences,1,1166,1,Male,97,2,5,Sales Manager,3,Married,9549,8117,5,Y,No,21,4,4,80,1,16,3,4,8,5,5,6
42,Yes,Travel_Frequently,525,Human Resources,23,2,Human Resources,1,1167,2,Male,39,3,3,Manager,1,Divorced,12269,24413,8,Y,Yes,11,4,3,80,2,23,3,2,3,3,0,3
59,Yes,Non-Travel,391,Research & Development,21,3,Other,1,1168,3,Male,78,3,3,Research Director,2,Married,13648,12023,1,Y,No,16,4,2,80,1,37,4,1,13,2,2,5
25,No,Travel_Frequently,1396,Sales,14,2,Medical,1,1169,3,Female,68,4,4,Sales Manager,3,Single,8750,9414,9,Y,Yes,14,4,4,80,1,6,5,1,1,1,0,1
48,Yes,Travel_Rarely,1105,Sales,20,2,Life Sciences,1,1170,1,Female,66,2,5,Sales Manager,2,Single,6180,21115,4,Y,No,6,3,2,80,1,27,1,2,15,7,3,9
20,Yes,Travel_Rarely,1040,Research & Development,18,3,Technical Degree,1,1171,3,Female,32,4,3,Research Scientist,4,Single,2208,9247,7,Y,No,17,4,1,80,1,1,5,1,1,1,1,1
26,No,Travel_Frequently,1001,Research & Development,27,2,Life Sciences,1,1172,2,Male,47,2,2,Healthcare Representative,1,Divorced,10571,15980,3,Y,No,13,3,3,80,0,8,5,3,8,8,2,8
60,Yes,Non-Travel,667,Sales,4,4,Other,1,1173,3,Male,41,4,3,Sales Executive,1,Married,19073,5685,2,Y,Yes,21,4,2,80,2,39,1,3,9,5,3,6
42,No,Travel_Frequently,792,Research & Development,23,5,Other,1,1174,2,Male,74,3,1,Manufacturing Director,1,Married,15460,13843,3,Y,Yes,22,4,2,80,2,23,4,4,9,9,1,2
31,No,Travel_Rarely,839,Human Resources,15,4,Marketing,1,1175,4,Female,84,1,2,Manager,3,Single,8868,4356,6,Y,Yes,11,4,1,80,3,13,1,3,13,8,7,6
59,Yes,Travel_Frequently,253,Research & Development,26,4,Technical Degree,1,1176,3,Female,40,3,2,Laboratory Technician,1,Single,5079,9338,7,Y,Yes,24,3,3,80,0,40,1,3,4,4,0,1
34,Yes,Non-Travel,738,Sales,1,2,Life Sciences,1,1177,4,Female,41,1,5,Sales Manager,4,Divorced,2607,13227,8,Y,Yes,20,3,4,80,0,15,5,4,4,4,4,4
29,Yes,Non-Travel,1262,Research & Development,14,4,Life Sciences,1,1178,1,Male,86,4,2,Laboratory Technician,3,Divorced,14679,7184,4,Y,Yes,13,4,3,80,3,8,4,4,6,1,1,6
49,No,Travel_Rarely,1140,Human Resources,22,1,Life Sciences,1,1179,1,Female,73,1,3,Manager,3,Single,15893,15313,7,Y,No,21,4,4,80,0,28,2,2,6,6,0,6
48,Yes,Non-Travel,1317,Sales,13,2,Technical Degree,1,1180,4,Female,80,4,4,Sales Representative,3,Single,13490,10645,3,Y,Yes,15,4,3,80,0,27,5,4,16,7,7,7
58,No,Travel_Rarely,1245,Sales,1,4,Marketing,1,1181,2,Male,64,3,1,Sales Manager,3,Married,2182,24256,5,Y,No,21,4,3,80,1,37,1,1,15,8,2,10
40,Yes,Travel_Frequently,482,Human Resources,7,1,Technical Degree,1,1182,1,Female,45,3,3,Human Resources,3,Divorced,8176,10115,3,Y,No,18,4,1,80,1,23,1,4,18,6,6,10
35,No,Non-Travel,1191,Sales,11,1,Other,1,1183,2,Male,87,2,2,Sales Executive,3,Married,9551,22697,1,Y,No,23,4,4,80,2,13,2,4,5,5,5,5
43,Yes,Travel_Frequently,242,Research & Development,20,1,Medical,1,1184,4,Female,36,4,4,Laboratory Technician,1,Divorced,11295,4909,7,Y,No,5,3,4,80,1,23,5,1,4,4,2,1
37,No,Non-Travel,1015,Human Resources,28,4,Technical Degree,1,1185,1,Female,77,3,2,Manager,3,Divorced,12532,10833,0,Y,Yes,20,3,2,80,1,18,0,4,3,3,3,3
19,No,Non-Travel,294,Sales,21,4,Marketing,1,1186,4,Female,57,2,1,Sales Representative,4,Divorced,15078,20677,8,Y,No,8,3,3,80,3,2,4,3,2,2,2,2
24,No,Travel_Frequently,343,Human Resources,17,4,Technical Degree,1,1187,1,Male,33,4,1,Manager,4,Single,13906,16002,0,Y,No,13,3,2,80,2,5,3,3,5,2,0,5
30,Yes,Travel_Rarely,1081,Sales,22,3,Human Resources,1,1188,1,Male,53,2,2,Sales Representative,4,Single,6236,18845,4,Y,No,6,3,2,80,3,13,6,4,1,1,1,1
23,Yes,Non-Travel,481,Human Resources,18,5,Marketing,1,1189,1,Female,34,4,3,Manager,3,Married,8550,17111,8,Y,Yes,25,4,2,80,2,6,4,4,6,6,3,1
41,Yes,Non-Travel,106,Human Resources,1,1,Medical,1,1190,3,Male,61,3,4,Manager,1,Single,10674,2961,9,Y,Yes,19,3,2,80,1,20,1,4,8,6,6,6
27,No,Non-Travel,358,Sales,7,1,Human Resources,1,1191,2,Female,37,1,1,Sales Executive,1,Single,18946,11861,1,Y,No,21,3,3,80,2,10,4,3,10,3,0,7
31,No,Travel_Rarely,1197,Sales,27,4,Human Resources,1,1192,4,Female,50,2,5,Sales Executive,3,Married,4773,17925,5,Y,Yes,9,3,2,80,1,14,6,3,11,4,1,6
29,No,Travel_Rarely,1277,Sales,29,4,Other,1,1193,4,Female,84,3,5,Sales Manager,4,Married,6061,22335,5,Y,No,15,4,1,80,0,11,0,3,2,2,0,2
36,No,Travel_Frequently,1008,Research & Development,9,3,Other,1,1194,2,Male,82,3,5,Healthcare Representative,3,Divorced,2876,21518,4,Y,Yes,16,4,3,80,1,17,6,1,10,1,1,6
26,No,Travel_Rarely,544,Sales,9,4,Marketing,1,1195,4,Male,95,2,4,Sales Representative,4,Married,6135,16659,5,Y,Yes,9,4,1,80,3,8,3,1,6,6,4,2
39,No,Travel_Rarely,963,Sales,30,3,Human Resources,1,1196,2,Female,92,3,4,Sales Manager,3,Divorced,13171,5847,1,Y,No,9,4,1,80,3,20,6,2,14,3,3,10
34,No,Travel_Frequently,1385,Research & Development,16,3,Life Sciences,1,1197,1,Male,55,1,4,Laboratory Technician,3,Married,5708,11053,6,Y,Yes,8,4,3,80,1,14,2,3,7,2,2,6
40,Yes,Travel_Frequently,210,Sales,22,3,Marketing,1,1198,4,Female,75,1,1,Sales Executive,1,Divorced,18678,2254,3,Y,No,14,3,3,80,3,19,0,2,12,8,6,7
39,No,Non-Travel,173,Research & Development,13,3,Medical,1,1199,1,Female,97,1,4,Healthcare Representative,1,Divorced,15770,20866,8,Y,Yes,21,4,3,80,1,20,6,3,2,2,2,2
23,Yes,Non-Travel,597,Research & Development,2,2,Medical,1,1200,2,Male,93,1,4,Laboratory Technician,4,Married,16202,21249,9,Y,Yes,6,3,2,80,2,6,4,1,6,4,3,6
36,Yes,Travel_Frequently,289,Sales,29,1,Technical Degree,1,1201,3,Female,53,4,4,Sales Representative,4,Divorced,18793,11632,4,Y,No,10,4,3,80,1,15,5,2,1,1,1,1
19,No,Travel_Rarely,1008,Human Resources,8,5,Medical,1,1202,4,Female,68,3,4,Human Resources,4,Married,17544,10933,7,Y,No,24,3,1,80,3,1,2,3,1,1,1,1
31,Yes,Travel_Frequently,1237,Sales,5,1,Marketing,1,1203,4,Female,78,4,4,Sales Representative,1,Single,2364,10790,3,Y,Yes,23,4,1,80,2,13,6,2,9,1,1,7
27,Yes,Non-Travel,209,Sales,29,2,Marketing,1,1204,4,Male,79,4,4,Sales Manager,3,Divorced,10842,24134,0,Y,Yes,7,3,3,80,1,6,4,4,6,4,3,6
34,Yes,Travel_Frequently,790,Human Resources,27,5,Technical Degree,1,1205,3,Female,38,4,4,Manager,3,Married,13552,6317,5,Y,Yes,17,4,3,80,3,15,3,2,15,7,0,1
20,Yes,Travel_Rarely,1007,Sales,6,1,Marketing,1,1206,1,Female,62,2,2,Sales Representative,2,Married,16132,16939,0,Y,Yes,8,4,3,80,2,1,5,1,1,1,1,1
51,No,Non-Travel,480,Sales,11,1,Marketing,1,1207,4,Female,53,4,1,Sales Representative,2,Divorced,8145,20437,8,Y,Yes,21,4,2,80,1,31,5,4,2,2,1,2
26,No,Travel_Frequently,1182,Research & Development,27,5,Life Sciences,1,1208,3,Male,64,4,1,Manufacturing Director,1,Single,4671,13454,7,Y,Yes,19,4,3,80,0,4,3,2,2,2,2,2
40,No,Non-Travel,182,Research & Development,10,1,Marketing,1,1209,1,Female,84,2,5,Research Director,4,Single,9236,4516,0,Y,Yes,5,3,4,80,1,23,2,3,16,8,5,2
25,No,Travel_Frequently,942,Research & Development,5,2,Medical,1,1210,2,Female,74,2,2,Research Director,4,Married,15925,15046,7,Y,No,6,3,1,80,0,5,2,4,5,2,2,5
44,No,Travel_Rarely,1031,Sales,5,4,Marketing,1,1211,4,Male,70,3,2,Sales Representative,4,Married,6717,5694,0,Y,Yes,5,3,1,80,3,27,4,4,8,7,7,1
22,No,Travel_Frequently,573,Human Resources,20,1,Other,1,1212,3,Male,32,3,4,Human Resources,1,Single,9524,22632,3,Y,Yes,16,4,4,80,3,1,3,3,1,1,1,1
55,Yes,Travel_Rarely,1274,Human Resources,6,2,Life Sciences,1,1213,1,Female,33,1,1,Human Resources,3,Single,5616,6675,6,Y,No,6,4,3,80,1,38,6,1,9,7,5,6
56,No,Travel_Rarely,1053,Sales,7,3,Technical Degree,1,1214,4,Male,36,1,2,Sales Manager,3,Single,8340,2094,3,Y,Yes,23,4,2,80,1,34,3,4,11,8,5,5
27,Yes,Non-Travel,289,Sales,11,1,Other,1,1215,1,Male,87,4,1,Sales Representative,4,Married,17423,23035,9,Y,Yes,22,4,4,80,0,6,2,4,6,4,3,6
24,No,Non-Travel,487,Human Resources,22,2,Other,1,1216,4,Female,61,2,1,Human Resources,3,Divorced,19963,23314,5,Y,No,7,4,4,80,0,7,4,1,7,7,1,7
20,Yes,Travel_Rarely,902,Research & Development,15,3,Marketing,1,1217,2,Female,53,4,5,Research Director,2,Married,10551,2404,0,Y,Yes,20,4,4,80,1,3,4,1,3,3,3,1
26,No,Travel_Frequently,1307,Human Resources,4,1,Life Sciences,1,1218,1,Female,65,4,5,Manager,1,Divorced,4228,20735,0,Y,No,5,3,2,80,0,8,3,2,8,7,0,8
51,No,Non-Travel,1253,Sales,9,5,Technical Degree,1,1219,4,Male,72,3,4,Sales Representative,1,Married,5446,15985,9,Y,No,25,4,4,80,0,32,1,4,5,5,2,2
41,No,Non-Travel,678,Research & Development,12,5,Other,1,1220,1,Female,97,3,2,Healthcare Representative,1,Divorced,17058,23961,1,Y,No,24,3,4,80,1,20,0,3,12,7,3,10
35,No,Travel_Frequently,1023,Sales,4,4,Medical,1,1221,2,Female,60,3,1,Sales Manager,2,Divorced,18355,14249,7,Y,No,24,4,3,80,1,18,4,4,16,5,5,5
29,Yes,Travel_Rarely,1264,Human Resources,14,1,Life Sciences,1,1222,3,Female,83,2,1,Human Resources,2,Single,4917,21178,9,Y,Yes,23,3,1,80,3,7,5,2,5,5,5,2
53,Yes,Travel_Frequently,967,Sales,26,2,Life Sciences,1,1223,3,Female,51,4,4,Sales Manager,4,Divorced,7830,3745,7,Y,Yes,9,4,1,80,1,33,1,1,8,4,4,6
60,No,Non-Travel,787,Sales,5,3,Life Sciences,1,1224,3,Male,31,4,5,Sales Executive,1,Married,16139,10005,9,Y,No,23,4,3,80,1,39,3,3,3,3,3,3
54,Yes,Travel_Rarely,1113,Research & Development,21,3,Medical,1,1225,2,Male,75,4,3,Laboratory Technician,1,Married,12827,3037,5,Y,Yes,23,3,3,80,1,33,5,1,12,4,1,2
41,Yes,Non-Travel,1199,Research & Development,19,3,Technical Degree,1,1226,2,Female,70,3,3,Healthcare Representative,3,Divorced,19067,12633,1,Y,Yes,5,4,3,80,1,22,0,1,18,7,7,1
27,Yes,Travel_Rarely,1134,Sales,27,5,Technical Degree,1,1227,2,Female,99,1,2,Sales Manager,2,Divorced,4326,22983,9,Y,No,24,4,2,80,2,6,3,3,4,1,1,4
37,Yes,Travel_Rarely,887,Human Resources,15,1,Marketing,1,1228,4,Male,53,3,1,Manager,2,Single,7287,11892,5,Y,Yes,15,4,1,80,1,18,0,2,2,2,2,2
34,No,Non-Travel,884,Human Resources,16,2,Medical,1,1229,1,Female,37,4,5,Human Resources,1,Divorced,14613,22454,1,Y,Yes,15,4,4,80,2,15,6,1,8,5,3,5
51,No,Travel_Rarely,696,Sales,5,4,Human Resources,1,1230,4,Male,43,1,4,Sales Executive,1,Single,7421,17977,1,Y,Yes,15,4,3,80,1,31,2,4,3,3,0,3
39,No,Travel_Rarely,754,Human Resources,24,2,Medical,1,1231,4,Female,100,3,4,Human Resources,2,Single,16126,5819,0,Y,No,19,3,1,80,3,18,1,3,17,6,1,6
28,Yes,Travel_Frequently,114,Human Resources,19,1,Other,1,1232,2,Male,40,4,3,Human Resources,1,Divorced,11314,9090,9,Y,No,21,4,3,80,1,8,3,2,8,2,2,2
25,Yes,Non-Travel,1151,Sales,20,1,Life Sciences,1,1233,1,Male,96,3,1,Sales Representative,2,Divorced,18488,14812,8,Y,Yes,17,4,4,80,1,8,6,2,8,5,5,8
42,No,Travel_Frequently,294,Research & Development,21,3,Human Resources,1,1234,2,Female,42,2,3,Manufacturing Director,1,Divorced,2833,8248,9,Y,Yes,6,4,3,80,2,20,6,4,11,4,2,2
33,No,Travel_Frequently,423,Human Resources,29,5,Marketing,1,1235,2,Female,31,3,2,Human Resources,2,Single,9952,6569,4,Y,Yes,15,3,4,80,1,14,6,4,6,6,6,2
48,No,Travel_Frequently,1122,Human Resources,23,3,Medical,1,1236,3,Female,92,4,5,Human Resources,2,Single,19664,6393,6,Y,Yes,7,3,3,80,3,31,0,1,13,8,4,1
20,Yes,Travel_Rarely,232,Human Resources,26,1,Other,1,1237,4,Female,85,2,2,Manager,4,Single,11481,23837,2,Y,Yes,22,3,2,80,2,1,5,3,1,1,1,1
60,No,Travel_Frequently,661,Human Resources,21,2,Human Resources,1,1238,2,Male,53,4,4,Human Resources,1,Divorced,3301,23322,2,Y,Yes,12,4,3,80,1,41,0,2,18,7,0,8
55,No,Travel_Frequently,867,Research & Development,15,1,Other,1,1239,4,Male,30,3,2,Research Director,2,Divorced,17711,20303,0,Y,No,22,4,3,80,2,35,3,4,1,1,0,1
44,No,Non-Travel,859,Research & Development,20,2,Human Resources,1,1240,1,Male,72,2,5,Research Director,3,Single,7337,13031,4,Y,Yes,8,3,1,80,2,26,2,3,9,6,4,3
31,Yes,Travel_Rarely,786,Human Resources,4,1,Life Sciences,1,1241,4,Female,33,2,4,Manager,2,Single,2321,10251,3,Y,Yes,7,4,2,80,2,12,2,2,8,7,5,8
49,Yes,Non-Travel,1481,Research & Development,17,2,Other,1,1242,1,Female,86,1,5,Laboratory Technician,2,Single,12066,24347,1,Y,No,15,3,4,80,0,30,4,3,3,3,3,3
49,No,Non-Travel,1290,Human Resources,18,1,Marketing,1,1243,1,Male,63,2,2,Human Resources,1,Single,12955,24063,8,Y,No,5,3,2,80,0,30,2,4,6,4,0,6
20,Yes,Non-Travel,969,Research & Development,18,1,Human Resources,1,1244,2,Male,100,2,1,Research Director,1,Single,4053,17420,1,Y,Yes,22,4,3,80,2,1,6,4,1,1,1,1
26,Yes,Non-Travel,839,Sales,24,2,Other,1,1245,1,Male,38,4,4,Sales Manager,1,Married,15479,3474,3,Y,Yes,5,4,1,80,2,6,0,3,6,3,1,1
39,No,Non-Travel,367,Sales,22,4,Human Resources,1,1246,4,Female,40,4,1,Sales Executive,4,Married,17212,18027,2,Y,No,17,3,4,80,3,22,5,4,8,8,5,7
22,No,Travel_Frequently,668,Human Resources,18,4,Technical Degree,1,1247,3,Male,94,3,2,Human Resources,1,Divorced,3367,17615,1,Y,No,12,3,3,80,1,4,2,3,4,4,4,3
23,No,Travel_Rarely,753,Research & Development,19,2,Marketing,1,1248,3,Female,95,1,5,Healthcare Representative,2,Divorced,17874,12861,6,Y,No,24,3,4,80,0,3,0,2,2,2,1,2
37,No,Travel_Rarely,387,Sales,1,5,Medical,1,1249,2,Male,36,3,5,Sales Executive,4,Single,2276,17343,6,Y,No,25,3,3,80,2,16,0,2,16,6,6,8
59,No,Non-Travel,1176,Human Resources,15,3,Medical,1,1250,1,Female,98,1,3,Manager,1,Divorced,18493,21261,8,Y,Yes,10,3,4,80,2,42,5,2,19,7,7,8
19,Yes,Travel_Frequently,147,Research & Development,15,1,Life Sciences,1,1251,1,Female,69,4,4,Research Director,4,Married,5105,20086,5,Y,No,18,4,3,80,0,2,1,3,2,2,0,2
36,Yes,Travel_Rarely,572,Sales,3,1,Other,1,1252,3,Female,61,1,5,Sales Manager,3,Married,2451,7145,1,Y,Yes,15,4,2,80,3,14,3,1,4,4,4,4
42,No,Non-Travel,1378,Sales,21,5,Human Resources,1,1253,4,Female,94,3,3,Sales Manager,2,Divorced,16493,21329,0,Y,No,23,3,3,80,0,22,0,4,8,8,1,8
25,No,Non-Travel,1144,Research & Development,5,2,Life Sciences,1,1254,4,Male,45,1,4,Healthcare Representative,1,Divorced,5175,7441,3,Y,Yes,19,4,1,80,2,3,2,2,3,3,3,3
47,Yes,Non-Travel,520,Sales,27,2,Marketing,1,1255,1,Female,45,1,4,Sales Manager,1,Single,7073,4393,5,Y,No,15,4,1,80,2,26,0,2,13,3,3,2
24,Yes,Travel_Rarely,996,Human Resources,28,4,Other,1,1256,3,Male,61,2,1,Human Resources,4,Divorced,15888,13977,2,Y,No,11,4,1,80,0,3,6,1,3,3,3,3
38,Yes,Travel_Rarely,360,Human Resources,11,2,Technical Degree,1,1257,3,Female,77,3,5,Human Resources,1,Married,19365,3966,3,Y,Yes,22,3,2,80,2,19,1,2,11,9,2,7
41,Yes,Travel_Frequently,1463,Human Resources,17,5,Life Sciences,1,1258,3,Male,95,2,3,Human Resources,3,Married,18288,4884,0,Y,Yes,23,4,3,80,1,21,2,2,1,1,1,1
48,No,Travel_Rarely,199,Sales,26,4,Marketing,1,1259,3,Female,85,4,5,Sales Representative,4,Married,3732,2285,9,Y,No,17,3,2,80,3,27,2,4,2,2,2,2
49,Yes,Non-Travel,421,Sales,19,2,Human Resources,1,1260,1,Female,76,4,3,Sales Manager,1,Divorced,17328,10299,1,Y,Yes,16,3,4,80,3,28,4,1,4,1,1,1
58,No,Travel_Rarely,216,Human Resources,22,1,Technical Degree,1,1261,3,Female,57,2,4,Human Resources,2,Married,14918,6315,1,Y,No,16,3,3,80,1,41,1,3,16,5,3,2
40,No,Travel_Frequently,1034,Research & Development,14,2,Technical Degree,1,1262,1,Male,94,2,5,Manufacturing Director,4,Divorced,13601,5800,4,Y,Yes,10,4,3,80,2,20,3,2,10,10,5,10
26,Yes,Travel_Rarely,162,Research & Development,28,3,Life Sciences,1,1263,3,Male,65,3,5,Laboratory Technician,1,Divorced,10867,3324,2,Y,No,13,4,1,80,1,7,4,2,7,2,2,7
23,Yes,Non-Travel,376,Research & Development,16,3,Life Sciences,1,1264,2,Male,86,3,5,Laboratory Technician,2,Single,19232,15762,4,Y,No,20,4,2,80,1,6,5,3,6,6,5,3
32,No,Travel_Frequently,876,Sales,19,2,Other,1,1265,3,Female,30,1,2,Sales Manager,2,Single,6520,18047,2,Y,No,19,3,3,80,3,10,4,4,10,2,0,1
39,Yes,Non-Travel,554,Sales,12,1,Marketing,1,1266,4,Male,33,1,2,Sales Representative,2,Married,16849,23799,2,Y,Yes,23,4,2,80,0,17,3,4,17,10,3,2
26,No,Non-Travel,943,Human Resources,29,3,Life Sciences,1,1267,2,Female,99,4,5,Manager,2,Single,6894,2607,2,Y,Yes,5,3,1,80,2,9,0,4,9,6,0,9
25,No,Non-Travel,1042,Human Resources,5,2,Medical,1,1268,2,Female,76,2,5,Manager,2,Married,5767,16597,3,Y,No,24,3,1,80,3,4,6,1,3,3,3,3
56,No,Non-Travel,1156,Research & Development,30,4,Marketing,1,1269,3,Female,92,1,3,Laboratory Technician,1,Single,13454,12634,0,Y,No,15,4,3,80,0,34,0,3,15,9,6,8
46,No,Travel_Rarely,180,Human Resources,6,4,Technical Degree,1,1270,1,Male,69,3,4,Manager,3,Single,6401,9404,8,Y,No,25,4,4,80,1,27,0,2,11,2,1,5
34,No,Travel_Frequently,1254,Human Resources,25,5,Medical,1,1271,3,Male,95,4,1,Manager,1,Married,15745,24822,6,Y,No,16,4,1,80,3,15,3,1,9,1,1,9
27,Yes,Travel_Frequently,670,Sales,20,1,Human Resources,1,1272,2,Female,57,3,2,Sales Manager,3,Married,7246,5588,5,Y,Yes,18,4,2,80,3,6,4,4,6,6,0,2
18,No,Non-Travel,202,Human Resources,26,4,Other,1,1273,3,Female,58,2,4,Human Resources,4,Single,6573,23896,8,Y,No,10,4,1,80,2,1,2,2,1,1,1,1
29,Yes,Travel_Frequently,724,Research & Development,17,2,Life Sciences,1,1274,1,Male,53,1,3,Healthcare Representative,1,Single,6648,13154,9,Y,Yes,17,4,3,80,3,9,6,4,9,2,2,4
56,Yes,Travel_Frequently,646,Research & Development,13,2,Life Sciences,1,1275,4,Male,86,1,1,Research Director,1,Divorced,19567,16456,5,Y,No,5,4,1,80,1,39,2,4,7,3,3,7
35,No,Travel_Frequently,268,Research & Development,28,4,Life Sciences,1,1276,2,Male,78,4,5,Research Director,1,Single,16341,9810,7,Y,No,21,4,3,80,0,15,5,4,10,4,4,9
18,No,Travel_Rarely,1101,Sales,25,3,Human Resources,1,1277,1,Female,94,3,1,Sales Representative,4,Married,7581,13847,8,Y,No,12,3,2,80,1,1,1,4,1,1,1,1
29,Yes,Non-Travel,1455,Research & Development,11,2,Medical,1,1278,4,Male,30,3,5,Laboratory Technician,4,Divorced,6542,11485,9,Y,No,13,4,4,80,1,7,2,1,1,1,1,1
47,No,Travel_Frequently,1466,Sales,3,1,Marketing,1,1279,4,Female,87,4,5,Sales Representative,4,Married,18107,15090,1,Y,Yes,16,4,3,80,1,28,3,4,10,6,6,7
26,Yes,Travel_Rarely,1273,Research & Development,29,3,Other,1,1280,2,Male,98,4,4,Healthcare Representative,4,Divorced,11421,19019,5,Y,No,20,3,3,80,2,5,5,3,3,3,3,1
18,Yes,Travel_Frequently,226,Human Resources,27,5,Marketing,1,1281,4,Female,78,4,4,Human Resources,2,Single,3137,17694,8,Y,Yes,9,4,1,80,1,1,1,2,1,1,1,1
21,Yes,Non-Travel,824,Research & Development,29,5,Other,1,1282,4,Male,62,3,2,Healthcare Representative,3,Single,15123,18441,1,Y,No,22,4,3,80,1,1,5,2,1,1,1,1
54,No,Travel_Rarely,1271,Sales,12,3,Life Sciences,1,1283,2,Female,99,1,4,Sales Executive,3,Single,16846,8544,7,Y,No,25,4,3,80,3,37,3,4,17,4,4,2
33,Yes,Travel_Rarely,985,Human Resources,21,5,Marketing,1,1284,4,Male,46,4,3,Manager,2,Divorced,5632,10642,8,Y,No,18,4,2,80,0,12,6,4,11,7,0,2
51,Yes,Travel_Frequently,1342,Sales,24,4,Human Resources,1,1285,1,Female,37,2,4,Sales Executive,2,Single,4525,24271,9,Y,Yes,24,4,4,80,3,29,0,2,3,1,1,3
41,Yes,Travel_Rarely,789,Sales,27,1,Other,1,1286,3,Male,84,2,4,Sales Representative,1,Divorced,14802,15370,4,Y,Yes,11,3,2,80,1,22,1,3,6,3,0,2
38,No,Travel_Frequently,426,Sales,16,5,Life Sciences,1,1287,3,Male,37,2,2,Sales Executive,1,Divorced,10967,6624,5,Y,Yes,14,4,4,80,0,18,2,3,18,9,4,2
56,No,Non-Travel,1369,Human Resources,5,2,Medical,1,1288,2,Male,31,2,5,Human Resources,3,Divorced,2788,17337,4,Y,No,20,3,2,80,3,36,6,2,1,1,1,1
59,No,Non-Travel,734,Sales,15,4,Marketing,1,1289,4,Male,43,2,4,Sales Representative,4,Married,12501,11440,2,Y,Yes,19,3,4,80,3,40,2,1,12,8,3,6
54,No,Non-Travel,1266,Sales,12,3,Medical,1,1290,2,Male,36,3,1,Sales Manager,3,Divorced,10177,16308,0,Y,Yes,10,4,4,80,1,37,1,4,4,4,4,4
54,No,Travel_Frequently,745,Research & Development,20,5,Human Resources,1,1291,1,Male,89,2,4,Laboratory Technician,1,Single,13882,23887,1,Y,Yes,7,4,4,80,0,33,1,2,15,6,3,10
43,Yes,Travel_Rarely,1253,Research & Development,9,1,Life Sciences,1,1292,2,Female,83,2,3,Research Director,1,Divorced,7254,21275,3,Y,Yes,7,4,1,80,1,24,5,4,9,5,4,4
46,Yes,Travel_Frequently,485,Sales,17,5,Medical,1,1293,1,Female,99,1,4,Sales Executive,1,Divorced,9153,14194,7,Y,Yes,11,3,1,80,0,28,1,4,11,8,1,1
45,No,Non-Travel,661,Sales,16,3,Marketing,1,1294,3,Female,83,2,5,Sales Representative,4,Married,11479,22896,2,Y,No,11,3,3,80,3,27,6,4,10,8,0,4
22,No,Travel_Rarely,910,Research & Development,16,4,Other,1,1295,3,Female,79,4,1,Research Director,4,Married,18374,13762,3,Y,Yes,23,4,1,80,3,2,6,1,2,2,2,2
46,No,Travel_Frequently,289,Sales,5,2,Human Resources,1,1296,2,Female,63,3,3,Sales Manager,4,Single,12684,13092,1,Y,No,16,4,2,80,2,24,3,2,19,3,2,3
35,Yes,Travel_Frequently,466,Sales,28,2,Technical Degree,1,1297,2,Male,48,3,1,Sales Executive,3,Married,7087,5993,7,Y,No,5,3,2,80,1,13,1,2,13,2,2,8
60,No,Travel_Rarely,1202,Human Resources,22,4,Medical,1,1298,4,Female,57,4,1,Manager,1,Divorced,17330,23601,9,Y,Yes,14,4,1,80,3,40,4,4,7,7,0,7
43,No,Travel_Rarely,1135,Sales,30,4,Human Resources,1,1299,3,Female,50,3,5,Sales Manager,2,Married,15384,24356,0,Y,No,16,3,3,80,1,26,1,4,19,5,3,9
42,Yes,Travel_Rarely,1496,Research & Development,8,2,Medical,1,1300,3,Female,64,2,4,Research Director,3,Divorced,3797,17319,4,Y,Yes,10,3,4,80,1,25,3,4,14,9,2,8
24,Yes,Non-Travel,656,Human Resources,17,4,Life Sciences,1,1301,3,Female,62,2,4,Human Resources,1,Divorced,7551,21794,8,Y,Yes,13,3,4,80,3,5,3,3,5,5,5,5
37,Yes,Travel_Frequently,1299,Research & Development,1,5,Human Resources,1,1302,4,Female,38,4,1,Laboratory Technician,2,Single,15789,6430,1,Y,Yes,25,3,1,80,1,18,6,1,18,4,4,8
19,Yes,Non-Travel,249,Human Resources,21,2,Life Sciences,1,1303,3,Male,54,1,2,Manager,1,Married,9086,9941,2,Y,No,17,3,2,80,0,1,1,1,1,1,1,1
33,No,Non-Travel,1401,Sales,20,5,Technical Degree,1,1304,1,Male,70,1,1,Sales Executive,1,Divorced,17923,15069,5,Y,No,23,3,1,80,0,15,3,4,1,1,1,1
31,Yes,Non-Travel,332,Research & Development,12,3,Human Resources,1,1305,2,Male,89,1,2,Research Director,4,Married,5777,22524,1,Y,No,6,4,2,80,3,11,0,2,10,8,4,7
57,Yes,Non-Travel,1329,Human Resources,27,5,Life Sciences,1,1306,2,Male,57,2,3,Human Resources,3,Divorced,14276,7831,3,Y,Yes,13,3,2,80,0,36,3,4,4,4,0,1
59,No,Travel_Frequently,1491,Research & Development,12,1,Medical,1,1307,1,Male,33,4,4,Research Scientist,1,Single,18190,5326,4,Y,No,7,4,4,80,3,38,6,4,17,4,2,7
56,Yes,Travel_Rarely,183,Sales,25,3,Life Sciences,1,1308,1,Male,68,2,5,Sales Executive,3,Single,7607,4741,2,Y,Yes,20,4,1,80,3,37,6,3,15,4,0,3
51,No,Travel_Rarely,945,Sales,1,1,Other,1,1309,3,Female,92,4,4,Sales Executive,4,Single,11542,16633,8,Y,Yes,6,3,4,80,2,31,0,4,17,6,2,9
32,Yes,Travel_Rarely,434,Sales,30,4,Technical Degree,1,1310,2,Male,86,2,3,Sales Manager,2,Divorced,18303,7472,8,Y,Yes,19,4,1,80,0,11,6,1,11,6,0,2
41,No,Non-Travel,466,Research & Development,28,2,Life Sciences,1,1311,1,Male,68,1,1,Research Director,4,Single,2965,3358,6,Y,Yes,17,4,3,80,3,23,6,4,1,1,0,1
47,No,Travel_Frequently,1452,Human Resources,18,4,Marketing,1,1312,2,Male,33,1,4,Manager,1,Divorced,16674,12089,6,Y,No,25,4,1,80,3,26,0,1,3,3,3,1
39,No,Non-Travel,293,Sales,9,4,Technical Degree,1,1313,4,Female,87,1,1,Sales Representative,4,Married,7022,15833,9,Y,Yes,14,4,1,80,2,20,1,2,1,1,1,1
34,Yes,Travel_Frequently,1189,Human Resources,5,3,Technical Degree,1,1314,3,Female,64,2,4,Human Resources,4,Single,7982,19174,5,Y,Yes,23,4,2,80,3,13,1,4,5,1,1,5
39,No,Travel_Frequently,1193,Human Resources,17,1,Medical,1,1315,2,Female,66,2,1,Manager,3,Divorced,11377,10734,6,Y,Yes,9,4,4,80,1,22,1,3,14,4,4,7
53,Yes,Travel_Rarely,313,Research & Development,28,4,Technical Degree,1,1316,1,Female,82,3,4,Laboratory Technician,1,Divorced,3852,15897,3,Y,No,11,3,3,80,1,32,0,2,10,1,1,3
30,Yes,Travel_Frequently,680,Sales,18,3,Medical,1,1317,3,Female,65,1,4,Sales Executive,2,Divorced,3053,10727,6,Y,Yes,16,4,3,80,1,9,1,3,7,4,4,7
47,No,Travel_Frequently,875,Sales,10,5,Marketing,1,1318,2,Female,60,1,3,Sales Manager,1,Married,11838,18569,2,Y,No,8,4,1,80,3,25,2,4,18,9,4,3
29,Yes,Non-Travel,1115,Research & Development,9,4,Marketing,1,1319,2,Female,77,3,5,Healthcare Representative,1,Divorced,19311,23140,7,Y,Yes,23,3,1,80,3,12,2,4,7,6,3,7
59,No,Non-Travel,152,Sales,11,2,Marketing,1,1320,3,Male,94,4,2,Sales Manager,2,Divorced,4497,5007,7,Y,No,9,4,4,80,1,41,1,4,6,5,5,4
21,No,Non-Travel,1343,Sales,24,4,Life Sciences,1,1321,4,Male,43,1,5,Sales Representative,3,Married,12142,6818,0,Y,No,7,4,1,80,3,2,0,4,2,2,2,2
40,No,Non-Travel,1242,Sales,14,1,Medical,1,1322,1,Male,99,2,2,Sales Executive,2,Single,7408,15619,0,Y,No,21,3,1,80,1,18,0,4,9,1,1,8
57,Yes,Travel_Frequently,685,Sales,20,3,Life Sciences,1,1323,4,Female,40,3,4,Sales Manager,1,Single,4210,11118,7,Y,No,13,3,4,80,3,39,6,2,9,3,0,1
52,No,Travel_Frequently,1103,Sales,20,3,Human Resources,1,1324,3,Female,94,1,5,Sales Executive,3,Single,8990,7584,9,Y,No,23,3,4,80,2,32,4,4,15,6,6,7
56,No,Non-Travel,674,Research & Development,12,4,Technical Degree,1,1325,4,Male,59,3,3,Manufacturing Director,1,Married,2145,20671,9,Y,No,6,3,2,80,0,35,6,3,20,5,1,6
42,No,Travel_Frequently,216,Sales,15,1,Human Resources,1,1326,2,Female,41,4,3,Sales Executive,2,Divorced,4853,18397,6,Y,No,14,3,4,80,2,20,6,3,16,6,1,3
51,No,Travel_Frequently,666,Human Resources,21,3,Marketing,1,1327,4,Male,61,1,1,Manager,4,Single,7160,17421,3,Y,Yes,19,4,3,80,2,31,3,3,13,6,3,6
34,No,Travel_Frequently,764,Research & Development,18,2,Marketing,1,1328,4,Female,51,3,2,Laboratory Technician,3,Divorced,18114,7170,4,Y,No,20,3,2,80,2,15,6,2,15,10,0,2
55,No,Travel_Rarely,363,Human Resources,1,1,Medical,1,1329,3,Male,66,4,3,Manager,2,Single,4691,6702,0,Y,Yes,18,4,3,80,0,37,5,1,9,2,2,9
56,No,Non-Travel,1146,Research & Development,10,2,Marketing,1,1330,2,Female,75,2,3,Healthcare Representative,3,Married,3951,6611,2,Y,No,5,4,4,80,3,39,0,1,14,3,0,5
30,Yes,Travel_Frequently,887,Human Resources,7,5,Medical,1,1331,3,Female,36,1,3,Manager,3,Single,4786,10035,8,Y,No,11,3,3,80,1,8,4,1,8,2,1,8
59,No,Non-Travel,950,Research & Development,16,2,Other,1,1332,4,Female,92,4,2,Healthcare Representative,2,Single,9873,15539,8,Y,No,20,4,4,80,0,41,6,3,2,2,1,1
40,Yes,Travel_Frequently,881,Research & Development,11,3,Human Resources,1,1333,2,Female,56,2,3,Laboratory Technician,1,Married,6578,20815,4,Y,Yes,15,4,2,80,0,19,5,2,12,2,1,1
23,Yes,Travel_Rarely,129,Human Resources,1,1,Marketing,1,1334,1,Male,79,3,3,Manager,3,Married,15847,16418,2,Y,Yes,14,3,3,80,0,4,3,4,4,1,1,3
44,No,Travel_Frequently,209,Sales,29,2,Other,1,1335,3,Female,85,2,2,Sales Manager,2,Divorced,11236,20572,9,Y,No,15,4,1,80,3,25,1,2,8,1,1,8
31,No,Travel_Frequently,269,Sales,25,1,Medical,1,1336,3,Female,79,3,2,Sales Manager,4,Married,13738,24239,8,Y,No,15,3,3,80,2,13,3,3,3,3,3,3
27,No,Travel_Rarely,776,Sales,28,1,Life Sciences,1,1337,4,Male,62,4,3,Sales Executive,3,Divorced,13975,18177,2,Y,No,5,3,1,80,1,10,5,1,10,7,7,9
20,Yes,Travel_Frequently,1400,Human Resources,23,4,Medical,1,1338,2,Male,93,1,1,Manager,1,Married,3063,9907,0,Y,No,13,4,4,80,1,1,1,1,1,1,1,1
49,Yes,Non-Travel,1103,Sales,16,1,Technical Degree,1,1339,4,Male,94,1,4,Sales Representative,4,Divorced,15094,13090,5,Y,No,7,4,1,80,2,29,2,3,6,6,3,3
38,Yes,Non-Travel,799,Sales,19,4,Life Sciences,1,1340,1,Female,77,1,5,Sales Representative,2,Married,2463,12275,3,Y,Yes,8,4,2,80,2,19,3,3,8,7,4,7
34,Yes,Non-Travel,1287,Sales,19,5,Medical,1,1341,2,Female,92,4,5,Sales Representative,1,Single,14708,20135,2,Y,No,14,4,4,80,3,12,0,2,5,5,5,5
58,No,Travel_Frequently,374,Human Resources,24,2,Technical Degree,1,1342,4,Male,91,1,2,Human Resources,4,Married,5948,11226,1,Y,Yes,17,3,2,80,2,39,6,1,9,3,3,1
50,No,Travel_Frequently,124,Human Resources,12,4,Other,1,1343,2,Female,82,4,5,Human Resources,3,Single,8312,8178,3,Y,No,16,4,4,80,2,31,2,4,1,1,1,1
36,No,Travel_Frequently,361,Research & Development,2,5,Marketing,1,1344,4,Male,69,3,3,Research Scientist,2,Divorced,9143,19162,3,Y,Yes,10,4,3,80,0,19,5,2,6,6,3,1
44,No,Travel_Frequently,1251,Human Resources,1,5,Human Resources,1,1345,1,Male,72,1,1,Human Resources,2,Single,4198,8549,6,Y,Yes,25,3,1,80,1,27,3,4,19,6,6,3
31,No,Travel_Rarely,673,Research & Development,6,4,Technical Degree,1,1346,1,Female,73,4,5,Manufacturing Director,2,Married,18889,2333,8,Y,Yes,11,3,3,80,2,9,6,1,8,3,3,6
31,Yes,Travel_Frequently,1292,Human Resources,9,2,Other,1,1347,4,Female,73,3,2,Human Resources,4,Divorced,5215,3554,5,Y,Yes,12,3,1,80,1,10,6,4,10,6,6,8
43,Yes,Travel_Frequently,446,Sales,12,3,Human Resources,1,1348,4,Female,30,3,5,Sales Manager,4,Single,18475,4419,2,Y,Yes,15,3,4,80,0,26,2,4,20,9,3,9
23,No,Non-Travel,368,Sales,23,4,Technical Degree,1,1349,3,Female,69,2,5,Sales Executive,3,Married,2776,20412,6,Y,No,13,4,4,80,1,1,6,4,1,1,1,1
22,Yes,Travel_Frequently,919,Sales,29,5,Technical Degree,1,1350,3,Male,86,2,3,Sales Manager,2,Divorced,13359,18894,0,Y,No,11,3,4,80,0,5,0,1,5,2,2,5
58,No,Travel_Rarely,1469,Research & Development,2,4,Technical Degree,1,1351,1,Female,47,1,3,Healthcare Representative,2,Single,2023,2952,8,Y,No,12,3,1,80,1,39,3,4,18,1,1,3
32,No,Travel_Rarely,1411,Human Resources,17,1,Medical,1,1352,4,Female,42,3,2,Manager,3,Single,17073,20982,3,Y,Yes,25,3,4,80,2,13,6,3,12,7,7,1
49,No,Non-Travel,1225,Sales,13,3,Marketing,1,1353,4,Female,98,3,2,Sales Representative,1,Single,15949,18225,4,Y,Yes,12,3,1,80,1,32,2,2,20,1,1,5
26,Yes,Travel_Frequently,701,Sales,2,4,Medical,1,1354,1,Male,79,1,4,Sales Representative,1,Married,4969,6002,9,Y,No,15,4,1,80,0,6,0,1,6,1,1,1
50,No,Travel_Rarely,314,Human Resources,8,4,Technical Degree,1,1355,4,Female,56,4,3,Human Resources,1,Married,11053,5516,6,Y,Yes,23,4,2,80,3,32,0,2,8,8,0,8
40,No,Travel_Frequently,129,Sales,3,5,Other,1,1356,2,Female,67,1,2,Sales Manager,3,Single,11837,7441,1,Y,Yes,23,4,4,80,2,18,5,1,18,1,1,6
26,No,Travel_Rarely,734,Sales,28,5,Other,1,1357,4,Male,32,2,4,Sales Manager,3,Divorced,8619,23222,6,Y,Yes,11,4,3,80,3,4,0,2,4,3,3,2
44,No,Non-Travel,813,Research & Development,13,5,Other,1,1358,2,Male,69,1,4,Healthcare Representative,2,Single,6011,20325,6,Y,No,7,4,1,80,0,23,6,1,17,3,0,8
21,Yes,Travel_Frequently,419,Sales,26,4,Technical Degree,1,1359,1,Female,97,3,1,Sales Representative,3,Married,3935,16546,8,Y,Yes,15,4,2,80,1,3,5,2,3,3,0,3
18,No,Travel_Rarely,231,Sales,25,4,Human Resources,1,1360,3,Female,54,4,5,Sales Executive,3,Married,17248,15266,9,Y,Yes,14,4,1,80,1,1,2,3,1,1,1,1
29,No,Travel_Frequently,329,Human Resources,14,3,Marketing,1,1361,3,Female,70,2,3,Human Resources,1,Married,5375,16181,9,Y,No,20,3,3,80,1,11,3,4,2,2,2,2
49,No,Travel_Frequently,762,Human Resources,18,3,Life Sciences,1,1362,1,Male,37,4,5,Manager,2,Divorced,16218,7815,3,Y,Yes,20,4,3,80,0,31,3,3,7,2,2,5
31,Yes,Travel_Rarely,924,Sales,2,3,Human Resources,1,1363,2,Male,54,2,3,Sales Executive,3,Single,6373,19544,5,Y,No,22,3,2,80,2,9,0,4,9,6,6,9
51,Yes,Travel_Rarely,1434,Sales,14,5,Other,1,1364,4,Female,65,2,4,Sales Manager,1,Single,13289,17387,2,Y,Yes,22,4,2,80,2,30,6,1,16,1,1,9
54,Yes,Travel_Rarely,662,Research & Development,6,2,Other,1,1365,3,Female,73,2,5,Laboratory Technician,2,Single,13813,14060,5,Y,Yes,13,3,1,80,0,33,6,3,19,5,1,9
32,No,Travel_Rarely,1286,Research & Development,16,2,Life Sciences,1,1366,4,Female,99,1,5,Laboratory Technician,4,Married,16639,14461,3,Y,Yes,16,4,2,80,1,12,1,1,10,10,0,5
41,No,Travel_Rarely,458,Human Resources,10,4,Medical,1,1367,4,Male,56,3,5,Manager,2,Divorced,19637,2664,3,Y,Yes,23,3,3,80,2,21,3,4,15,7,0,9
22,Yes,Non-Travel,929,Human Resources,16,2,Life Sciences,1,1368,3,Female,69,4,4,Manager,1,Single,8798,21944,2,Y,Yes,6,4,1,80,0,5,6,4,5,3,0,4
59,No,Travel_Rarely,726,Research & Development,8,1,Medical,1,1369,4,Male,39,4,1,Research Scientist,2,Divorced,12425,11506,6,Y,Yes,5,4,2,80,3,40,0,3,6,3,3,6
50,No,Travel_Frequently,1404,Research & Development,22,4,Life Sciences,1,1370,1,Female,43,2,4,Manufacturing Director,4,Divorced,2576,16489,0,Y,Yes,13,4,2,80,0,29,2,3,13,1,1,7
44,No,Non-Travel,413,Human Resources,28,4,Human Resources,1,1371,3,Female,57,3,3,Manager,3,Divorced,10972,19197,2,Y,Yes,23,3,1,80,3,22,0,4,14,6,0,3
18,Yes,Travel_Frequently,617,Sales,22,5,Human Resources,1,1372,1,Female,99,2,2,Sales Executive,4,Single,5089,13135,0,Y,No,12,3,1,80,1,1,3,3,1,1,1,1
22,Yes,Non-Travel,1142,Research & Development,1,5,Other,1,1373,1,Male,75,4,5,Research Director,1,Divorced,3558,6544,2,Y,No,8,4,2,80,1,4,4,4,4,2,2,3
20,Yes,Non-Travel,193,Research & Development,29,4,Other,1,1374,2,Female,51,2,3,Laboratory Technician,2,Single,13972,17936,9,Y,Yes,13,4,3,80,0,1,0,3,1,1,1,1
43,No,Travel_Frequently,688,Human Resources,17,2,Human Resources,1,1375,3,Female,82,1,2,Manager,1,Married,5146,23474,0,Y,No,12,3,3,80,2,22,6,1,8,1,1,5
50,No,Travel_Frequently,1089,Human Resources,5,1,Marketing,1,1376,1,Female,62,2,3,Human Resources,1,Divorced,3703,11467,3,Y,No,13,4,4,80,0,31,3,1,16,3,1,1
18,No,Travel_Frequently,1326,Sales,13,3,Marketing,1,1377,2,Male,78,4,5,Sales Manager,2,Single,11113,15266,5,Y,Yes,17,3,4,80,2,1,5,4,1,1,1,1
48,No,Non-Travel,1192,Human Resources,14,2,Life Sciences,1,1378,3,Female,66,2,5,Human Resources,1,Single,6350,2155,8,Y,No,14,3,4,80,0,30,1,1,7,7,2,6
39,No,Travel_Frequently,1171,Human Resources,30,3,Medical,1,1379,1,Female,38,3,4,Manager,2,Married,17397,17071,0,Y,No,15,3,3,80,2,18,3,2,4,4,3,4
28,Yes,Travel_Frequently,1328,Research & Development,12,2,Life Sciences,1,1380,1,Male,89,1,3,Healthcare Representative,3,Divorced,7925,9757,2,Y,No,14,3,4,80,1,11,3,3,11,1,1,4
49,Yes,Travel_Frequently,788,Research & Development,14,4,Technical Degree,1,1381,1,Male,91,1,5,Research Director,2,Divorced,14758,16769,7,Y,No,12,4,3,80,0,31,2,1,3,3,3,3
43,No,Travel_Rarely,313,Research & Development,14,5,Other,1,1382,1,Male,94,4,1,Research Director,4,Single,7293,23634,9,Y,No,21,4,1,80,3,26,2,4,9,4,0,8
44,No,Travel_Rarely,427,Research & Development,18,1,Life Sciences,1,1383,2,Male,100,1,5,Research Director,4,Married,17632,4184,6,Y,Yes,22,3,3,80,2,25,2,2,4,3,3,4
43,No,Travel_Rarely,952,Research & Development,7,5,Marketing,1,1384,4,Male,56,3,5,Research Director,4,Divorced,16933,6062,7,Y,Yes,21,4,1,80,2,26,6,4,8,1,1,4
57,Yes,Non-Travel,588,Research & Development,2,5,Other,1,1385,4,Female,45,1,3,Research Director,4,Married,6882,3668,4,Y,Yes,18,4,2,80,0,35,4,4,15,6,6,1
53,No,Travel_Frequently,499,Sales,23,3,Medical,1,1386,4,Female,82,3,3,Sales Executive,3,Divorced,17743,15364,7,Y,No,25,4,4,80,2,35,5,2,20,3,3,2
21,Yes,Travel_Rarely,104,Human Resources,23,5,Other,1,1387,3,Female,43,1,3,Human Resources,1,Single,15149,17580,7,Y,Yes,14,3,2,80,0,2,3,3,2,2,2,2
25,No,Non-Travel,310,Sales,16,4,Other,1,1388,4,Male,86,1,4,Sales Representative,3,Single,17358,16089,0,Y,Yes,11,4,2,80,2,6,1,4,4,3,3,4
31,No,Non-Travel,752,Sales,5,4,Technical Degree,1,1389,2,Male,95,4,2,Sales Executive,3,Married,4187,12124,5,Y,No,18,4,4,80,3,11,6,1,8,2,2,4
47,No,Travel_Rarely,586,Research & Development,23,1,Other,1,1390,1,Male,62,2,5,Manufacturing Director,2,Divorced,4119,2967,1,Y,No,24,4,2,80,0,27,6,1,12,1,1,7
45,No,Travel_Rarely,558,Research & Development,6,3,Other,1,1391,1,Female,51,4,2,Research Director,3,Married,12975,18402,1,Y,Yes,18,3,1,80,1,28,4,2,14,10,4,4
46,No,Travel_Rarely,161,Sales,12,1,Medical,1,1392,1,Male,86,4,5,Sales Representative,3,Single,5904,2364,5,Y,No,16,4,2,80,3,26,0,3,5,5,1,5
35,No,Travel_Frequently,742,Sales,6,2,Medical,1,1393,3,Female,85,2,5,Sales Manager,3,Single,10077,2817,5,Y,No,6,4,1,80,3,17,0,3,13,10,2,7
55,No,Travel_Frequently,784,Human Resources,11,3,Life Sciences,1,1394,4,Female,97,4,4,Human Resources,2,Divorced,10230,23180,3,Y,No,5,3,1,80,2,33,2,2,6,6,3,5
43,Yes,Non-Travel,104,Sales,5,4,Life Sciences,1,1395,4,Female,43,2,4,Sales Executive,1,Divorced,5105,10839,2,Y,No,21,3,3,80,2,22,6,1,9,8,0,9
37,No,Non-Travel,185,Research & Development,24,4,Human Resources,1,1396,2,Male,99,2,5,Manufacturing Director,3,Single,18641,5956,0,Y,Yes,13,3,1,80,1,19,0,3,1,1,0,1
21,Yes,Travel_Frequently,956,Human Resources,6,2,Marketing,1,1397,3,Female,32,2,5,Manager,4,Married,11943,6492,1,Y,No,25,3,4,80,0,1,6,4,1,1,1,1
25,No,Non-Travel,1326,Human Resources,15,3,Human Resources,1,1398,1,Male,39,2,4,Human Resources,2,Divorced,12519,7641,4,Y,No,17,3,2,80,1,7,5,1,7,7,4,7
41,Yes,Travel_Rarely,217,Human Resources,16,3,Technical Degree,1,1399,1,Female,68,3,4,Human Resources,4,Divorced,13316,9704,8,Y,No,21,4,3,80,3,24,0,3,4,4,0,4
54,No,Travel_Rarely,302,Research & Development,29,2,Medical,1,1400,4,Female,57,3,4,Research Scientist,3,Single,15540,23938,8,Y,Yes,23,4,3,80,1,35,0,4,13,5,1,3
50,No,Travel_Rarely,1144,Research & Development,21,2,Marketing,1,1401,4,Male,45,4,2,Healthcare Representative,3,Divorced,19882,21317,4,Y,No,10,3,4,80,2,29,1,2,16,9,5,10
56,Yes,Travel_Rarely,351,Human Resources,18,4,Technical Degree,1,1402,4,Female,98,3,2,Human Resources,1,Single,10333,8745,3,Y,Yes,24,4,2,80,1,34,4,2,6,6,5,4
47,No,Non-Travel,847,Research & Development,5,1,Technical Degree,1,1403,1,Female,57,2,3,Healthcare Representative,1,Single,9314,11095,6,Y,Yes,8,4,2,80,2,30,1,2,19,5,4,8
45,No,Travel_Frequently,704,Research & Development,9,5,Other,1,1404,4,Female,30,2,4,Manufacturing Director,2,Married,4015,20065,7,Y,Yes,12,4,4,80,3,26,6,1,5,1,1,2
46,No,Travel_Frequently,1361,Sales,30,4,Human Resources,1,1405,4,Female,46,3,2,Sales Manager,4,Divorced,9404,6388,4,Y,No,13,3,4,80,1,25,3,2,5,5,3,5
46,No,Non-Travel,488,Human Resources,30,2,Life Sciences,1,1406,3,Female,97,4,2,Manager,2,Single,14401,9546,4,Y,No,23,4,1,80,0,28,3,3,10,7,0,4
58,No,Travel_Rarely,1421,Sales,19,5,Human Resources,1,1407,1,Male,36,4,4,Sales Representative,4,Married,6286,6922,3,Y,No,15,4,4,80,0,41,3,3,19,3,3,4
51,No,Non-Travel,232,Sales,28,5,Human Resources,1,1408,2,Male,44,2,4,Sales Executive,3,Divorced,6425,20359,9,Y,No,15,4,1,80,0,31,4,1,20,5,5,10
49,No,Travel_Rarely,376,Sales,10,4,Medical,1,1409,1,Female,32,1,2,Sales Manager,1,Divorced,7036,3441,9,Y,No,22,3,3,80,3,31,4,2,16,8,1,8
56,No,Travel_Frequently,1395,Research & Development,11,2,Marketing,1,1410,3,Male,31,1,4,Research Director,3,Married,5216,23751,1,Y,Yes,21,3,4,80,2,36,2,2,19,1,1,8
48,No,Travel_Frequently,418,Sales,7,5,Technical Degree,1,1411,2,Female,72,3,2,Sales Representative,2,Divorced,17228,4095,0,Y,No,10,3,3,80,2,28,3,2,4,4,1,4
46,No,Travel_Rarely,1425,Sales,18,4,Medical,1,1412,4,Female,86,1,2,Sales Manager,4,Married,11815,21636,7,Y,Yes,7,4,1,80,3,26,6,2,2,2,1,1
44,Yes,Travel_Rarely,1040,Research & Development,29,5,Human Resources,1,1413,4,Male,45,3,3,Manufacturing Director,4,Divorced,4952,7579,6,Y,Yes,14,3,2,80,3,26,1,1,16,5,5,3
30,Yes,Travel_Frequently,213,Research & Development,24,3,Other,1,1414,4,Female,93,3,3,Research Director,4,Divorced,5067,7762,6,Y,Yes,21,3,3,80,3,11,5,4,7,6,0,7
42,No,Non-Travel,623,Human Resources,25,5,Other,1,1415,3,Male,58,1,4,Human Resources,4,Married,11768,21008,9,Y,Yes,6,4,4,80,1,23,0,2,6,6,5,6
30,No,Travel_Rarely,285,Sales,2,1,Life Sciences,1,1416,2,Female,56,4,1,Sales Manager,4,Single,5542,23431,7,Y,Yes,16,3,3,80,3,12,3,2,12,1,1,9
56,No,Travel_Rarely,473,Sales,12,5,Technical Degree,1,1417,3,Female,79,3,4,Sales Representative,2,Divorced,4921,21955,4,Y,Yes,24,3,4,80,0,38,0,1,19,10,0,8
31,No,Travel_Rarely,1123,Human Resources,1,2,Technical Degree,1,1418,2,Male,91,3,4,Human Resources,3,Single,13786,4739,2,Y,No,9,3,1,80,2,9,6,3,8,7,4,2
48,No,Travel_Frequently,499,Human Resources,12,3,Marketing,1,1419,2,Female,30,2,2,Human Resources,2,Divorced,16325,23852,5,Y,No,9,3,3,80,1,27,4,2,18,6,6,1
49,No,Non-Travel,1484,Human Resources,14,2,Marketing,1,1420,2,Male,76,2,3,Manager,1,Married,11076,12517,8,Y,No,6,4,1,80,3,32,4,1,10,8,4,7
21,No,Non-Travel,322,Sales,24,4,Marketing,1,1421,4,Male,30,4,3,Sales Manager,3,Divorced,2345,20416,5,Y,Yes,25,4,3,80,2,3,3,4,3,1,1,3
46,Yes,Non-Travel,568,Human Resources,30,2,Technical Degree,1,1422,4,Female,55,2,4,Manager,2,Married,15383,17712,3,Y,Yes,23,3,1,80,2,25,2,1,10,8,7,5
49,No,Non-Travel,617,Sales,11,5,Other,1,1423,4,Female,90,4,3,Sales Executive,2,Single,2127,6278,2,Y,No,18,3,1,80,2,27,2,3,20,5,0,6
44,Yes,Travel_Frequently,847,Human Resources,18,5,Human Resources,1,1424,3,Female,56,4,5,Manager,3,Single,16281,22119,1,Y,Yes,19,4,3,80,0,25,0,4,10,8,3,7
58,No,Non-Travel,1076,Human Resources,28,3,Other,1,1425,1,Female,91,2,1,Manager,2,Married,17645,11098,9,Y,No,12,4,2,80,3,38,4,3,6,6,6,5
42,No,Travel_Rarely,762,Human Resources,19,1,Human Resources,1,1426,4,Male,31,1,3,Manager,2,Divorced,3957,12475,8,Y,No,14,4,4,80,2,21,4,3,5,3,0,1
38,No,Non-Travel,932,Sales,28,2,Marketing,1,1427,3,Male,73,2,3,Sales Executive,4,Divorced,3812,9757,7,Y,No,11,4,3,80,3,16,4,1,5,4,3,4
28,No,Travel_Frequently,1052,Sales,16,1,Human Resources,1,1428,2,Male,84,4,5,Sales Executive,2,Divorced,8237,10111,5,Y,Yes,6,4,4,80,3,11,3,4,11,9,2,8
60,Yes,Travel_Rarely,267,Research & Development,22,3,Marketing,1,1429,2,Female,32,2,3,Research Scientist,4,Divorced,2891,16465,0,Y,Yes,24,3,3,80,2,41,3,2,5,5,5,3
42,No,Travel_Rarely,437,Sales,16,3,Human Resources,1,1430,1,Male,65,4,1,Sales Manager,3,Single,16493,22889,1,Y,No,15,3,1,80,2,20,2,4,15,8,5,4
53,Yes,Non-Travel,815,Sales,14,2,Other,1,1431,4,Male,40,4,5,Sales Representative,2,Married,2787,8222,8,Y,Yes,6,4,1,80,3,32,4,2,20,6,0,8
53,No,Non-Travel,735,Research & Development,15,4,Life Sciences,1,1432,2,Male,40,4,5,Manufacturing Director,1,Divorced,7591,9297,9,Y,Yes,20,3,4,80,2,35,4,2,5,2,2,5
51,No,Travel_Rarely,908,Sales,25,2,Life Sciences,1,1433,4,Female,84,4,3,Sales Manager,4,Divorced,19554,13009,8,Y,No,18,3,3,80,1,29,4,3,14,8,2,4
33,No,Travel_Frequently,1433,Sales,5,1,Life Sciences,1,1434,3,Female,94,3,4,Sales Manager,4,Married,19471,19960,5,Y,No,7,3,2,80,3,11,2,2,10,1,1,6
41,No,Non-Travel,339,Human Resources,1,2,Life Sciences,1,1435,1,Female,81,4,2,Human Resources,1,Divorced,10018,14418,4,Y,No,5,3,3,80,2,19,5,3,12,1,1,5
23,No,Non-Travel,366,Human Resources,2,3,Life Sciences,1,1436,3,Male,91,4,4,Manager,3,Divorced,6514,2757,0,Y,No,17,3,2,80,2,3,3,3,3,3,3,1
59,No,Travel_Rarely,299,Sales,10,2,Other,1,1437,3,Male,92,2,5,Sales Executive,1,Divorced,18711,3257,7,Y,No,21,3,3,80,1,38,2,2,6,5,5,6
57,Yes,Travel_Rarely,954,Human Resources,12,2,Other,1,1438,3,Female,93,1,1,Human Resources,1,Married,19817,22708,3,Y,No,10,4,4,80,0,39,5,1,18,1,1,9
55,Yes,Travel_Rarely,702,Research & Development,14,1,Technical Degree,1,1439,3,Female,78,1,5,Healthcare Representative,1,Single,19877,21750,8,Y,No,8,3,1,80,0,37,2,4,4,4,0,4
44,Yes,Non-Travel,431,Research & Development,14,3,Technical Degree,1,1440,3,Female,75,4,2,Research Scientist,3,Single,7643,18324,1,Y,No,25,4,1,80,2,23,5,1,15,7,7,7
32,No,Non-Travel,175,Research & Development,13,3,Technical Degree,1,1441,4,Male,63,2,1,Manufacturing Director,3,Single,12910,10601,1,Y,Yes,8,4,3,80,2,12,5,3,9,8,1,7
44,No,Travel_Frequently,142,Research & Development,27,3,Marketing,1,1442,4,Female,54,2,1,Healthcare Representative,3,Divorced,6424,19943,7,Y,No,11,4,2,80,1,26,1,3,2,2,2,2
18,No,Non-Travel,823,Sales,14,1,Marketing,1,1443,4,Female,73,2,3,Sales Representative,2,Married,12667,14628,1,Y,No,7,3,1,80,0,1,4,2,1,1,1,1
41,Yes,Travel_Frequently,1130,Human Resources,12,1,Human Resources,1,1444,4,Female,37,1,3,Manager,2,Single,19732,18729,2,Y,No,13,3,4,80,1,22,1,1,11,1,1,7
37,No,Travel_Frequently,599,Human Resources,26,2,Other,1,1445,4,Male,49,4,4,Human Resources,4,Divorced,10108,15416,3,Y,No,9,4,3,80,0,16,4,4,14,8,2,8
50,Yes,Travel_Frequently,954,Human Resources,22,3,Technical Degree,1,1446,4,Male,92,2,4,Manager,4,Divorced,8594,13356,2,Y,No,25,4,3,80,2,32,5,1,10,5,3,2
59,Yes,Travel_Rarely,719,Research & Development,4,5,Medical,1,1447,2,Female,35,2,2,Research Scientist,1,Married,9973,8795,3,Y,Yes,22,3,3,80,0,37,4,1,16,8,0,6
43,No,Non-Travel,325,Research & Development,28,1,Medical,1,1448,3,Female,75,1,2,Manufacturing Director,4,Divorced,4358,11044,9,Y,Yes,12,4,2,80,0,22,6,3,17,9,5,4
55,No,Non-Travel,940,Research & Development,23,4,Technical Degree,1,1449,2,Male,52,2,4,Healthcare Representative,3,Single,6625,6703,6,Y,No,14,4,1,80,1,35,6,2,2,2,2,1
24,No,Non-Travel,378,Research & Development,3,1,Technical Degree,1,1450,2,Male,97,3,1,Research Scientist,4,Married,14932,4106,5,Y,Yes,6,4,4,80,2,5,2,4,5,5,5,1
31,No,Non-Travel,504,Human Resources,15,1,Technical Degree,1,1451,1,Female,32,2,1,Human Resources,1,Divorced,11193,8390,3,Y,No,24,3,3,80,2,12,1,4,7,1,1,2
48,No,Travel_Frequently,444,Sales,15,2,Other,1,1452,2,Male,89,3,3,Sales Representative,2,Divorced,9570,9484,9,Y,No,22,3,2,80,2,30,1,2,18,9,2,2
29,No,Travel_Rarely,1329,Sales,25,1,Life Sciences,1,1453,4,Female,64,1,2,Sales Manager,2,Married,13829,16893,5,Y,No,22,3,3,80,2,9,1,4,8,2,2,5
56,No,Travel_Rarely,1051,Human Resources,18,3,Marketing,1,1454,1,Male,34,2,1,Manager,4,Married,18377,22220,3,Y,Yes,23,3,2,80,2,38,5,1,16,6,0,1
41,Yes,Travel_Frequently,163,Research & Development,14,2,Medical,1,1455,2,Male,41,3,3,Research Scientist,1,Married,15294,22253,4,Y,No,11,3,4,80,3,19,1,2,4,1,1,4
54,Yes,Non-Travel,489,Sales,8,4,Other,1,1456,4,Male,43,1,4,Sales Executive,1,Single,7117,2255,1,Y,No,7,4,3,80,3,35,3,3,4,4,0,4
25,Yes,Travel_Rarely,1324,Human Resources,25,5,Life Sciences,1,1457,3,Female,77,2,1,Human Resources,2,Single,13953,4851,7,Y,Yes,20,4,3,80,2,4,1,1,4,3,3,4
29,Yes,Non-Travel,1008,Sales,6,1,Life Sciences,1,1458,4,Female,66,3,3,Sales Representative,1,Married,16427,4659,4,Y,Yes,14,3,4,80,3,11,1,3,6,4,4,6
49,No,Travel_Frequently,316,Sales,20,3,Medical,1,1459,2,Female,70,3,3,Sales Executive,3,Divorced,17641,5713,8,Y,No,7,3,1,80,3,31,2,2,4,4,3,2
37,No,Travel_Frequently,735,Human Resources,16,2,Life Sciences,1,1460,1,Female,70,4,4,Human Resources,2,Married,12524,23451,4,Y,Yes,6,4,3,80,0,15,0,1,15,1,1,7
43,Yes,Non-Travel,1393,Research & Development,22,1,Technical Degree,1,1461,3,Male,41,2,1,Laboratory Technician,4,Married,19116,16911,2,Y,No,10,3,4,80,0,24,6,3,7,7,3,2
19,No,Travel_Rarely,351,Human Resources,24,1,Other,1,1462,3,Male,83,2,3,Manager,1,Divorced,4461,11180,0,Y,No,11,4,1,80,1,2,3,3,2,2,2,2
60,No,Non-Travel,635,Human Resources,21,2,Marketing,1,1463,3,Female,81,1,2,Human Resources,2,Married,18751,3796,6,Y,No,12,4,2,80,1,40,5,3,5,2,1,5
27,No,Non-Travel,1422,Sales,14,3,Technical Degree,1,1464,1,Male,66,4,2,Sales Representative,2,Married,12603,5388,4,Y,Yes,8,3,3,80,1,9,5,4,9,1,1,1
18,Yes,Travel_Frequently,565,Research & Development,27,5,Other,1,1465,3,Female,31,3,5,Manufacturing Director,4,Divorced,19265,10987,5,Y,Yes,8,4,3,80,3,1,1,4,1,1,1,1
32,No,Non-Travel,1463,Research & Development,4,5,Technical Degree,1,1466,2,Female,91,1,5,Manufacturing Director,4,Divorced,4506,12478,6,Y,Yes,6,4,1,80,3,14,5,1,12,3,3,4
57,No,Non-Travel,1128,Sales,19,5,Other,1,1467,4,Female,38,2,1,Sales Representative,4,Divorced,7018,19387,0,Y,Yes,13,4,1,80,2,37,1,4,12,1,1,8
45,No,Travel_Frequently,512,Sales,16,5,Marketing,1,1468,3,Male,41,4,4,Sales Executive,2,Single,18459,6021,8,Y,Yes,9,3,2,80,1,28,1,2,20,1,0,7
29,Yes,Travel_Frequently,634,Research & Development,28,4,Technical Degree,1,1469,4,Female,41,4,1,Research Director,2,Married,5805,8208,5,Y,No,13,3,2,80,1,10,2,2,4,4,2,4
49,No,Travel_Frequently,329,Sales,9,1,Other,1,1470,3,Female,77,1,2,Sales Manager,2,Single,10549,23282,2,Y,No,21,4,3,80,0,27,6,1,15,10,3,8
